nodeId,node_type,label,level,parent,node_leaf,note_type,related_to
A.,,General Literature,1,acmccs98,0,,
A.0,,GENERAL,2,A.,0,,
A.0.s0,s,Biographies/autobiographies,3,A.0,1,,
A.0.s1,s,Conference proceedings,3,A.0,1,,
A.0.s2,s,General literary works (e.g., fiction, plays),3,A.0,1,,
A.1,,INTRODUCTORY AND SURVEY,2,A.,1,,
A.2,,REFERENCE (e.g., dictionaries, encyclopedias, glossaries),2,A.,1,,
A.m,,MISCELLANEOUS,2,A.,1,,
acmccs98,,ACMCCS98,0,-,0,,
B.,,Hardware,1,acmccs98,0,,
B.0,,GENERAL,2,B.,1,,
B.1,,CONTROL STRUCTURES AND MICROPROGRAMMING,2,B.,0,,D.3.2
B.1.0,,General,3,B.1,1,,
B.1.1,,Control Design Styles,3,B.1,0,,
B.1.1.s0,s,Hardwired control,4,B.1.1,1,2,
B.1.1.s1,s,Microprogrammed logic arrays,4,B.1.1,1,2,
B.1.1.s2,s,Writable control store,4,B.1.1,1,2,
B.1.2,,Control Structure Performance Analysis and Design Aids,3,B.1,0,,
B.1.2.s0,s,Automatic synthesis,4,B.1.2,1,2,
B.1.2.s1,s,Formal models,4,B.1.2,1,2,
B.1.2.s2,s,Simulation,4,B.1.2,1,2,
B.1.3,,Control Structure Reliability, Testing, and Fault-Tolerance,3,B.1,0,2,B.8
B.1.3.s0,s,Diagnostics,4,B.1.3,1,2,
B.1.3.s1,s,Error-checking,4,B.1.3,1,2,
B.1.3.s2,s,Redundant design,4,B.1.3,1,2,
B.1.3.s3,s,Test generation,4,B.1.3,1,2,
B.1.4,,Microprogram Design Aids,3,B.1,0,,D.2.2;D.2.4;D.3.2;D.3.4
B.1.4.s0,s,Firmware engineering,4,B.1.4,1,2,
B.1.4.s1,s,Languages and compilers,4,B.1.4,1,,
B.1.4.s2,s,Machine-independent microcode generation,4,B.1.4,1,2,
B.1.4.s3,s,Optimization,4,B.1.4,1,,
B.1.4.s4,s,Verification,4,B.1.4,1,2,
B.1.5,,Microcode Applications,3,B.1,0,,
B.1.5.s0,s,Direct data manipulation,4,B.1.5,1,2,
B.1.5.s1,s,Firmware support of operating systems/instruction sets,4,B.1.5,1,2,
B.1.5.s2,s,Instruction set interpretation,4,B.1.5,1,,
B.1.5.s3,s,Peripheral control,4,B.1.5,1,2,
B.1.5.s4,s,Special-purpose,4,B.1.5,1,2,
B.1.m,,Miscellaneous,3,B.1,1,,
B.2,,ARITHMETIC AND LOGIC STRUCTURES,2,B.,0,,
B.2.0,,General,3,B.2,1,,
B.2.1,,Design Styles,3,B.2,0,,C.1.1;C.1.2
B.2.1.s0,s,Calculator,4,B.2.1,1,2,
B.2.1.s1,s,Parallel,4,B.2.1,1,,
B.2.1.s2,s,Pipeline,4,B.2.1,1,,
B.2.2,,Performance Analysis and Design Aids,3,B.2,0,2,B.8
B.2.2.s0,s,Simulation,4,B.2.2,1,2,
B.2.2.s1,s,Verification,4,B.2.2,1,2,
B.2.2.s2,s,Worst-case analysis,4,B.2.2,1,2,
B.2.3,,Reliability, Testing, and Fault-Tolerance,3,B.2,0,2,B.8
B.2.3.s0,s,Diagnostics,4,B.2.3,1,2,
B.2.3.s1,s,Error-checking,4,B.2.3,1,2,
B.2.3.s2,s,Redundant design,4,B.2.3,1,2,
B.2.3.s3,s,Test generation,4,B.2.3,1,2,
B.2.4,,High-Speed Arithmetic,3,B.2,0,,
B.2.4.s0,s,Algorithms,4,B.2.4,1,,
B.2.4.s1,s,Cost/performance,4,B.2.4,1,,
B.2.m,,Miscellaneous,3,B.2,1,,
B.3,,MEMORY STRUCTURES,2,B.,0,,
B.3.0,,General,3,B.3,1,,
B.3.1,,Semiconductor Memories,3,B.3,0,,B.7.1
B.3.1.s0,s,Dynamic memory (DRAM),4,B.3.1,1,,
B.3.1.s1,s,Read-only memory (ROM),4,B.3.1,1,,
B.3.1.s2,s,Static memory (SRAM),4,B.3.1,1,,
B.3.2,,Design Styles,3,B.3,0,,D.4.2
B.3.2.s0,s,Associative memories,4,B.3.2,1,,
B.3.2.s1,s,Cache memories,4,B.3.2,1,,
B.3.2.s2,s,Interleaved memories,4,B.3.2,1,2,
B.3.2.s3,s,Mass storage (e.g., magnetic, optical, RAID),4,B.3.2,1,,
B.3.2.s4,s,Primary memory,4,B.3.2,1,,
B.3.2.s5,s,Sequential-access memory,4,B.3.2,1,2,
B.3.2.s6,s,Shared memory,4,B.3.2,1,,
B.3.2.s7,s,Virtual memory,4,B.3.2,1,,
B.3.3,,Performance Analysis and Design Aids,3,B.3,0,2,B.8;C.4
B.3.3.s0,s,Formal models,4,B.3.3,1,2,
B.3.3.s1,s,Simulation,4,B.3.3,1,2,
B.3.3.s2,s,Worst-case analysis,4,B.3.3,1,2,
B.3.4,,Reliability, Testing, and Fault-Tolerance,3,B.3,0,2,B.8
B.3.4.s0,s,Diagnostics,4,B.3.4,1,2,
B.3.4.s1,s,Error-checking,4,B.3.4,1,2,
B.3.4.s2,s,Redundant design,4,B.3.4,1,2,
B.3.4.s3,s,Test generation,4,B.3.4,1,2,
B.3.m,,Miscellaneous,3,B.3,1,,
B.4,,INPUT/OUTPUT AND DATA COMMUNICATIONS,2,B.,0,,
B.4.0,,General,3,B.4,1,,
B.4.1,,Data Communications Devices,3,B.4,0,,
B.4.1.s0,s,Processors,4,B.4.1,1,2,
B.4.1.s1,s,Receivers (e.g., voice, data, image),4,B.4.1,1,2,
B.4.1.s2,s,Transmitters,4,B.4.1,1,2,
B.4.2,,Input/Output Devices,3,B.4,0,,
B.4.2.s0,s,Channels and controllers,4,B.4.2,1,,
B.4.2.s1,s,Data terminals and printers,4,B.4.2,1,,
B.4.2.s2,s,Image display,4,B.4.2,1,,
B.4.2.s3,s,Voice,4,B.4.2,1,,
B.4.3,,Interconnections (Subsystems),3,B.4,0,,
B.4.3.s0,s,Asynchronous/synchronous operation,4,B.4.3,1,,
B.4.3.s1,s,Fiber optics,4,B.4.3,1,,
B.4.3.s2,s,Interfaces,4,B.4.3,1,,
B.4.3.s3,s,Parallel I/O,4,B.4.3,1,,
B.4.3.s4,s,Physical structures (e.g., backplanes, cables, chip carriers),4,B.4.3,1,2,
B.4.3.s5,s,Topology (e.g., bus, point-to-point),4,B.4.3,1,,
B.4.4,,Performance Analysis and Design Aids,3,B.4,0,2,B.8
B.4.4.s0,s,Formal models,4,B.4.4,1,2,
B.4.4.s1,s,Simulation,4,B.4.4,1,2,
B.4.4.s2,s,Verification,4,B.4.4,1,2,
B.4.4.s3,s,Worst-case analysis,4,B.4.4,1,2,
B.4.5,,Reliability, Testing, and Fault-Tolerance,3,B.4,0,2,B.8
B.4.5.s0,s,Built-in tests,4,B.4.5,1,2,
B.4.5.s1,s,Diagnostics,4,B.4.5,1,2,
B.4.5.s2,s,Error-checking,4,B.4.5,1,2,
B.4.5.s3,s,Hardware reliability,4,B.4.5,1,2,
B.4.5.s4,s,Redundant design,4,B.4.5,1,2,
B.4.5.s5,s,Test generation,4,B.4.5,1,2,
B.4.m,,Miscellaneous,3,B.4,1,,
B.5,,REGISTER-TRANSFER-LEVEL IMPLEMENTATION,2,B.,0,,
B.5.0,,General,3,B.5,1,,
B.5.1,,Design,3,B.5,0,,
B.5.1.s0,s,Arithmetic and logic units,4,B.5.1,1,,
B.5.1.s1,s,Control design,4,B.5.1,1,,
B.5.1.s2,s,Data-path design,4,B.5.1,1,,
B.5.1.s3,s,Memory design,4,B.5.1,1,,
B.5.1.s4,s,Styles (e.g., parallel, pipeline, special-purpose),4,B.5.1,1,,
B.5.2,,Design Aids,3,B.5,0,,
B.5.2.s0,s,Automatic synthesis,4,B.5.2,1,,
B.5.2.s1,s,Hardware description languages,4,B.5.2,1,,
B.5.2.s2,s,Optimization,4,B.5.2,1,,
B.5.2.s3,s,Simulation,4,B.5.2,1,,
B.5.2.s4,s,Verification,4,B.5.2,1,,
B.5.3,,Reliability and Testing,3,B.5,0,2,B.8
B.5.3.s0,s,Built-in tests,4,B.5.3,1,2,
B.5.3.s1,s,Error-checking,4,B.5.3,1,2,
B.5.3.s2,s,Redundant design,4,B.5.3,1,2,
B.5.3.s3,s,Test generation,4,B.5.3,1,2,
B.5.3.s4,s,Testability,4,B.5.3,1,2,
B.5.m,,Miscellaneous,3,B.5,1,,
B.6,,LOGIC DESIGN,2,B.,0,,
B.6.0,,General,3,B.6,1,,
B.6.1,,Design Styles,3,B.6,0,,
B.6.1.s0,s,Cellular arrays and automata,4,B.6.1,1,,
B.6.1.s1,s,Combinational logic,4,B.6.1,1,,
B.6.1.s2,s,Logic arrays,4,B.6.1,1,,
B.6.1.s3,s,Memory control and access,4,B.6.1,1,2,
B.6.1.s4,s,Memory used as logic,4,B.6.1,1,2,
B.6.1.s5,s,Parallel circuits,4,B.6.1,1,,
B.6.1.s6,s,Sequential circuits,4,B.6.1,1,,
B.6.2,,Reliability and Testing,3,B.6,0,2,B.8
B.6.2.s0,s,Built-in tests,4,B.6.2,1,2,
B.6.2.s1,s,Error-checking,4,B.6.2,1,2,
B.6.2.s2,s,Redundant design,4,B.6.2,1,2,
B.6.2.s3,s,Test generation,4,B.6.2,1,2,
B.6.2.s4,s,Testability,4,B.6.2,1,2,
B.6.3,,Design Aids,3,B.6,0,,
B.6.3.s0,s,Automatic synthesis,4,B.6.3,1,,
B.6.3.s1,s,Hardware description languages,4,B.6.3,1,,
B.6.3.s2,s,Optimization,4,B.6.3,1,,
B.6.3.s3,s,Simulation,4,B.6.3,1,,
B.6.3.s4,s,Switching theory,4,B.6.3,1,,
B.6.3.s5,s,Verification,4,B.6.3,1,,
B.6.m,,Miscellaneous,3,B.6,1,,
B.7,,INTEGRATED CIRCUITS,2,B.,0,,
B.7.0,,General,3,B.7,1,,
B.7.1,,Types and Design Styles,3,B.7,0,,
B.7.1.s0,s,Advanced technologies,4,B.7.1,1,,
B.7.1.s1,s,Algorithms implemented in hardware,4,B.7.1,1,,
B.7.1.s2,s,Gate arrays,4,B.7.1,1,,
B.7.1.s3,s,Input/output circuits,4,B.7.1,1,,
B.7.1.s4,s,Memory technologies,4,B.7.1,1,,
B.7.1.s5,s,Microprocessors and microcomputers,4,B.7.1,1,,
B.7.1.s6,s,Standard cells,4,B.7.1,1,2,
B.7.1.s7,s,VLSI (very large scale integration),4,B.7.1,1,,
B.7.2,,Design Aids,3,B.7,0,,
B.7.2.s0,s,Graphics,4,B.7.2,1,,
B.7.2.s1,s,Layout,4,B.7.2,1,,
B.7.2.s2,s,Placement and routing,4,B.7.2,1,,
B.7.2.s3,s,Simulation,4,B.7.2,1,,
B.7.2.s4,s,Verification,4,B.7.2,1,,
B.7.3,,Reliability and Testing,3,B.7,0,2,B.8
B.7.3.s0,s,Built-in tests,4,B.7.3,1,2,
B.7.3.s1,s,Error-checking,4,B.7.3,1,2,
B.7.3.s2,s,Redundant design,4,B.7.3,1,2,
B.7.3.s3,s,Test generation,4,B.7.3,1,2,
B.7.3.s4,s,Testability,4,B.7.3,1,2,
B.7.m,,Miscellaneous,3,B.7,1,,
B.8,,PERFORMANCE AND RELIABILITY,2,B.,0,,C.4
B.8.0,,General,3,B.8,1,,
B.8.1,,Reliability, Testing, and Fault-Tolerance,3,B.8,1,,
B.8.2,,Performance Analysis and Design Aids,3,B.8,1,,
B.8.m,,Miscellaneous,3,B.8,1,,
B.m,,MISCELLANEOUS,2,B.,0,,
B.m.s0,s,Design management,3,B.m,1,,
C.,,Computer Systems Organization,1,acmccs98,0,,
C.0,,GENERAL,2,C.,0,,
C.0.s0,s,Hardware/software interfaces,3,C.0,1,,
C.0.s1,s,Instruction set design (e.g., RISC, CISC, VLIW),3,C.0,1,,
C.0.s2,s,Modeling of computer architecture,3,C.0,1,,
C.0.s3,s,System architectures,3,C.0,1,,
C.0.s4,s,Systems specification methodology,3,C.0,1,,
C.1,,PROCESSOR ARCHITECTURES,2,C.,0,,
C.1.0,,General,3,C.1,1,,
C.1.1,,Single Data Stream Architectures,3,C.1,0,,
C.1.1.s0,s,Multiple-instruction-stream, single-data-stream processors (MISD),4,C.1.1,1,2,
C.1.1.s1,s,Pipeline processors,4,C.1.1,1,2,
C.1.1.s2,s,RISC/CISC, VLIW architectures,4,C.1.1,1,,
C.1.1.s3,s,Single-instruction-stream, single-data-stream processors (SISD),4,C.1.1,1,2,
C.1.1.s4,s,Von Neumann architectures,4,C.1.1,1,2,
C.1.2,,Multiple Data Stream Architectures (Multiprocessors),3,C.1,0,,
C.1.2.s0,s,Array and vector processors,4,C.1.2,1,,
C.1.2.s1,s,Associative processors,4,C.1.2,1,,
C.1.2.s2,s,Connection machines,4,C.1.2,1,,
C.1.2.s3,s,Interconnection architectures (e.g., common bus, multiport memory, crossbar switch),4,C.1.2,1,,
C.1.2.s4,s,Multiple-instruction-stream, multiple-data-stream processors (MIMD),4,C.1.2,1,,
C.1.2.s5,s,Parallel processors,4,C.1.2,1,2,
C.1.2.s6,s,Pipeline processors,4,C.1.2,1,2,
C.1.2.s7,s,Single-instruction-stream, multiple-data-stream processors (SIMD),4,C.1.2,1,,
C.1.3,,Other Architecture Styles,3,C.1,0,,
C.1.3.s0,s,Adaptable architectures,4,C.1.3,1,,
C.1.3.s1,s,Analog computers,4,C.1.3,1,,
C.1.3.s2,s,Capability architectures,4,C.1.3,1,2,
C.1.3.s3,s,Cellular architecture (e.g., mobile),4,C.1.3,1,,
C.1.3.s4,s,Data-flow architectures,4,C.1.3,1,,
C.1.3.s5,s,Heterogeneous (hybrid) systems,4,C.1.3,1,,
C.1.3.s6,s,High-level language architectures,4,C.1.3,1,2,
C.1.3.s7,s,Neural nets,4,C.1.3,1,,
C.1.3.s8,s,Pipeline processors,4,C.1.3,1,,
C.1.3.s9,s,Stack-oriented processors,4,C.1.3,1,2,
C.1.4,,Parallel Architectures,3,C.1,0,,
C.1.4.s0,s,Distributed architectures,4,C.1.4,1,,
C.1.4.s1,s,Mobile processors,4,C.1.4,1,,
C.1.m,,Miscellaneous,3,C.1,0,,
C.1.m.s0,s,Analog computers,4,C.1.m,1,2,
C.1.m.s1,s,Hybrid systems,4,C.1.m,1,2,
C.2,,COMPUTER-COMMUNICATION NETWORKS,2,C.,0,,
C.2.0,,General,3,C.2,0,,
C.2.0.s0,s,Data communications,4,C.2.0,1,,
C.2.0.s1,s,Open Systems Interconnection reference model (OSI),4,C.2.0,1,,
C.2.0.s2,s,Security and protection (e.g., firewalls),4,C.2.0,1,,
C.2.1,,Network Architecture and Design,3,C.2,0,,
C.2.1.s0,s,Asynchronous Transfer Mode (ATM),4,C.2.1,1,,
C.2.1.s1,s,Centralized networks,4,C.2.1,1,2,
C.2.1.s10,s,Wireless communication,4,C.2.1,1,,
C.2.1.s2,s,Circuit-switching networks,4,C.2.1,1,,
C.2.1.s3,s,Distributed networks,4,C.2.1,1,,
C.2.1.s4,s,Frame relay networks,4,C.2.1,1,,
C.2.1.s5,s,ISDN (Integrated Services Digital Network),4,C.2.1,1,,
C.2.1.s6,s,Network communications,4,C.2.1,1,,
C.2.1.s7,s,Network topology,4,C.2.1,1,,
C.2.1.s8,s,Packet-switching networks,4,C.2.1,1,,
C.2.1.s9,s,Store and forward networks,4,C.2.1,1,,
C.2.2,,Network Protocols,3,C.2,0,,
C.2.2.s0,s,Applications (SMTP, FTP, etc.),4,C.2.2,1,,
C.2.2.s1,s,Protocol architecture (OSI model),4,C.2.2,1,,
C.2.2.s2,s,Protocol verification,4,C.2.2,1,,
C.2.2.s3,s,Routing protocols,4,C.2.2,1,,
C.2.3,,Network Operations,3,C.2,0,,
C.2.3.s0,s,Network management,4,C.2.3,1,,
C.2.3.s1,s,Network monitoring,4,C.2.3,1,,
C.2.3.s2,s,Public networks,4,C.2.3,1,,
C.2.4,,Distributed Systems,3,C.2,0,,
C.2.4.s0,s,Client/server,4,C.2.4,1,,
C.2.4.s1,s,Distributed applications,4,C.2.4,1,,
C.2.4.s2,s,Distributed databases,4,C.2.4,1,,
C.2.4.s3,s,Network operating systems,4,C.2.4,1,,
C.2.5,,Local and Wide-Area Networks,3,C.2,0,,
C.2.5.s0,s,Access schemes,4,C.2.5,1,,
C.2.5.s1,s,Buses,4,C.2.5,1,,
C.2.5.s2,s,Ethernet (e.g., CSMA/CD),4,C.2.5,1,,
C.2.5.s3,s,High-speed (e.g., FDDI, fiber channel, ATM),4,C.2.5,1,,
C.2.5.s4,s,Internet (e.g., TCP/IP),4,C.2.5,1,,
C.2.5.s5,s,Token rings,4,C.2.5,1,,
C.2.6,,Internetworking,3,C.2,0,,C.2.2
C.2.6.s0,s,Routers,4,C.2.6,1,,
C.2.6.s1,s,Standards (e.g., TCP/IP),4,C.2.6,1,,
C.2.m,,Miscellaneous,3,C.2,1,,
C.3,,SPECIAL-PURPOSE AND APPLICATION-BASED SYSTEMS,2,C.,0,,J.7
C.3.s0,s,Microprocessor/microcomputer applications,3,C.3,1,,
C.3.s1,s,Process control systems,3,C.3,1,,
C.3.s2,s,Real-time and embedded systems,3,C.3,1,,
C.3.s3,s,Signal processing systems,3,C.3,1,,
C.3.s4,s,Smartcards,3,C.3,1,,
C.4,,PERFORMANCE OF SYSTEMS,2,C.,0,,
C.4.s0,s,Design studies,3,C.4,1,,
C.4.s1,s,Fault tolerance,3,C.4,1,,
C.4.s2,s,Measurement techniques,3,C.4,1,,
C.4.s3,s,Modeling techniques,3,C.4,1,,
C.4.s4,s,Performance attributes,3,C.4,1,,
C.4.s5,s,Reliability, availability, and serviceability,3,C.4,1,,
C.5,,COMPUTER SYSTEM IMPLEMENTATION,2,C.,0,,
C.5.0,,General,3,C.5,1,,
C.5.1,,Large and Medium (``Mainframe'') Computers,3,C.5,0,,
C.5.1.s0,s,Super (very large) computers,4,C.5.1,1,,
C.5.2,,Minicomputers,3,C.5,1,2,
C.5.3,,Microcomputers,3,C.5,0,,
C.5.3.s0,s,Microprocessors,4,C.5.3,1,,
C.5.3.s1,s,Personal computers,4,C.5.3,1,,
C.5.3.s2,s,Portable devices (e.g., laptops, personal digital assistants),4,C.5.3,1,,
C.5.3.s3,s,Workstations,4,C.5.3,1,,
C.5.4,,VLSI Systems,3,C.5,1,,
C.5.5,,Servers,3,C.5,1,,
C.5.m,,Miscellaneous,3,C.5,1,,
C.m,,MISCELLANEOUS,2,C.,1,,
D.,,Software,1,acmccs98,0,,
D.0,,GENERAL,2,D.,1,,
D.1,,PROGRAMMING TECHNIQUES,2,D.,0,,E.
D.1.0,,General,3,D.1,1,,
D.1.1,,Applicative (Functional) Programming,3,D.1,1,,
D.1.2,,Automatic Programming,3,D.1,1,,I.2.2
D.1.3,,Concurrent Programming,3,D.1,0,,
D.1.3.s0,s,Distributed programming,4,D.1.3,1,,
D.1.3.s1,s,Parallel programming,4,D.1.3,1,,
D.1.4,,Sequential Programming,3,D.1,1,,
D.1.5,,Object-oriented Programming,3,D.1,1,,
D.1.6,,Logic Programming,3,D.1,1,,
D.1.7,,Visual Programming,3,D.1,1,,
D.1.m,,Miscellaneous,3,D.1,1,,
D.2,,SOFTWARE ENGINEERING,2,D.,0,,K.6.3
D.2.0,,General,3,D.2,0,,K.5.1
D.2.0.s0,s,Protection mechanisms,4,D.2.0,1,,
D.2.0.s1,s,Standards,4,D.2.0,1,,
D.2.1,,Requirements/Specifications,3,D.2,0,,D.3.1
D.2.1.s0,s,Elicitation methods (e.g., rapid prototyping, interviews, JAD),4,D.2.1,1,,
D.2.1.s1,s,Languages,4,D.2.1,1,,
D.2.1.s2,s,Methodologies (e.g., object-oriented, structured),4,D.2.1,1,,
D.2.1.s3,s,Tools,4,D.2.1,1,,
D.2.10,,Design,3,D.2,0,2,D.2.2
D.2.10.s0,s,Methodologies,4,D.2.10,1,2,
D.2.10.s1,s,Representation,4,D.2.10,1,2,
D.2.11,,Software Architectures,3,D.2,0,,
D.2.11.s0,s,Data abstraction,4,D.2.11,1,,
D.2.11.s1,s,Domain-specific architectures,4,D.2.11,1,,
D.2.11.s2,s,Information hiding,4,D.2.11,1,,
D.2.11.s3,s,Languages (e.g., description, interconnection, definition),4,D.2.11,1,,
D.2.11.s4,s,Patterns (e.g., client/server, pipeline, blackboard),4,D.2.11,1,,
D.2.12,,Interoperability,3,D.2,0,,
D.2.12.s0,s,Data mapping,4,D.2.12,1,,
D.2.12.s1,s,Distributed objects,4,D.2.12,1,,
D.2.12.s2,s,Interface definition languages,4,D.2.12,1,,
D.2.13,,Reusable Software,3,D.2,0,,
D.2.13.s0,s,Domain engineering,4,D.2.13,1,,
D.2.13.s1,s,Reusable libraries,4,D.2.13,1,,
D.2.13.s2,s,Reuse models,4,D.2.13,1,,
D.2.2,,Design Tools and Techniques,3,D.2,0,,
D.2.2.s0,s,Computer-aided software engineering (CASE),4,D.2.2,1,,
D.2.2.s1,s,Decision tables,4,D.2.2,1,,
D.2.2.s10,s,Structured programming,4,D.2.2,1,2,
D.2.2.s11,s,Top-down programming,4,D.2.2,1,2,
D.2.2.s12,s,User interfaces,4,D.2.2,1,,
D.2.2.s2,s,Evolutionary prototyping,4,D.2.2,1,,
D.2.2.s3,s,Flow charts,4,D.2.2,1,,
D.2.2.s4,s,Modules and interfaces,4,D.2.2,1,,
D.2.2.s5,s,Object-oriented design methods,4,D.2.2,1,,
D.2.2.s6,s,Petri nets,4,D.2.2,1,,
D.2.2.s7,s,Programmer workbench,4,D.2.2,1,2,
D.2.2.s8,s,Software libraries,4,D.2.2,1,,
D.2.2.s9,s,State diagrams,4,D.2.2,1,,
D.2.3,,Coding Tools and Techniques,3,D.2,0,,
D.2.3.s0,s,Object-oriented programming,4,D.2.3,1,,
D.2.3.s1,s,Pretty printers,4,D.2.3,1,,
D.2.3.s2,s,Program editors,4,D.2.3,1,,
D.2.3.s3,s,Reentrant code,4,D.2.3,1,2,
D.2.3.s4,s,Standards,4,D.2.3,1,,
D.2.3.s5,s,Structured programming,4,D.2.3,1,,
D.2.3.s6,s,Top-down programming,4,D.2.3,1,,
D.2.4,,Software/Program Verification,3,D.2,0,,F.3.1
D.2.4.s0,s,Assertion checkers,4,D.2.4,1,,
D.2.4.s1,s,Class invariants,4,D.2.4,1,,
D.2.4.s2,s,Correctness proofs,4,D.2.4,1,,
D.2.4.s3,s,Formal methods,4,D.2.4,1,,
D.2.4.s4,s,Model checking,4,D.2.4,1,,
D.2.4.s5,s,Programming by contract,4,D.2.4,1,,
D.2.4.s6,s,Reliability,4,D.2.4,1,,
D.2.4.s7,s,Statistical methods,4,D.2.4,1,,
D.2.4.s8,s,Validation,4,D.2.4,1,,
D.2.5,,Testing and Debugging,3,D.2,0,,
D.2.5.s0,s,Code inspections and walk-throughs,4,D.2.5,1,,
D.2.5.s1,s,Debugging aids,4,D.2.5,1,,
D.2.5.s2,s,Diagnostics,4,D.2.5,1,,
D.2.5.s3,s,Distributed debugging,4,D.2.5,1,,
D.2.5.s4,s,Dumps,4,D.2.5,1,2,
D.2.5.s5,s,Error handling and recovery,4,D.2.5,1,,
D.2.5.s6,s,Monitors,4,D.2.5,1,,
D.2.5.s7,s,Symbolic execution,4,D.2.5,1,,
D.2.5.s8,s,Testing tools (e.g., data generators, coverage testing),4,D.2.5,1,,
D.2.5.s9,s,Tracing,4,D.2.5,1,,
D.2.6,,Programming Environments,3,D.2,0,,
D.2.6.s0,s,Graphical environments,4,D.2.6,1,,
D.2.6.s1,s,Integrated environments,4,D.2.6,1,,
D.2.6.s2,s,Interactive environments,4,D.2.6,1,,
D.2.6.s3,s,Programmer workbench,4,D.2.6,1,,
D.2.7,,Distribution, Maintenance, and Enhancement,3,D.2,0,,
D.2.7.s0,s,Corrections,4,D.2.7,1,2,
D.2.7.s1,s,Documentation,4,D.2.7,1,,
D.2.7.s2,s,Enhancement,4,D.2.7,1,2,
D.2.7.s3,s,Extensibility,4,D.2.7,1,2,
D.2.7.s4,s,Portability,4,D.2.7,1,,
D.2.7.s5,s,Restructuring, reverse engineering, and reengineering,4,D.2.7,1,,
D.2.7.s6,s,Version control,4,D.2.7,1,,
D.2.8,,Metrics,3,D.2,0,,D.4.8
D.2.8.s0,s,Complexity measures,4,D.2.8,1,,
D.2.8.s1,s,Performance measures,4,D.2.8,1,,
D.2.8.s2,s,Process metrics,4,D.2.8,1,,
D.2.8.s3,s,Product metrics,4,D.2.8,1,,
D.2.8.s4,s,Software science,4,D.2.8,1,2,
D.2.9,,Management,3,D.2,0,,K.6.3;K.6.4
D.2.9.s0,s,Copyrights,4,D.2.9,1,2,
D.2.9.s1,s,Cost estimation,4,D.2.9,1,,
D.2.9.s2,s,Life cycle,4,D.2.9,1,,
D.2.9.s3,s,Productivity,4,D.2.9,1,,
D.2.9.s4,s,Programming teams,4,D.2.9,1,,
D.2.9.s5,s,Software configuration management,4,D.2.9,1,,
D.2.9.s6,s,Software process models (e.g., CMM, ISO, PSP),4,D.2.9,1,,
D.2.9.s7,s,Software quality assurance (SQA),4,D.2.9,1,,
D.2.9.s8,s,Time estimation,4,D.2.9,1,,
D.2.m,,Miscellaneous,3,D.2,0,,
D.2.m.s0,s,Rapid prototyping,4,D.2.m,1,2,
D.2.m.s1,s,Reusable software,4,D.2.m,1,2,
D.3,,PROGRAMMING LANGUAGES,2,D.,0,,
D.3.0,,General,3,D.3,0,,
D.3.0.s0,s,Standards,4,D.3.0,1,,
D.3.1,,Formal Definitions and Theory,3,D.3,0,,D.2.1;F.3.1;F.3.2;F.4.2;F.4.3
D.3.1.s0,s,Semantics,4,D.3.1,1,,
D.3.1.s1,s,Syntax,4,D.3.1,1,,
D.3.2,,Language Classifications,3,D.3,0,,
D.3.2.s0,s,Applicative (functional) languages,4,D.3.2,1,,
D.3.2.s1,s,Concurrent, distributed, and parallel languages,4,D.3.2,1,,
D.3.2.s10,s,Nonprocedural languages,4,D.3.2,1,2,
D.3.2.s11,s,Object-oriented languages,4,D.3.2,1,,
D.3.2.s12,s,Specialized application languages,4,D.3.2,1,,
D.3.2.s13,s,Very high-level languages,4,D.3.2,1,,
D.3.2.s2,s,Constraint and logic languages,4,D.3.2,1,,
D.3.2.s3,s,Data-flow languages,4,D.3.2,1,,
D.3.2.s4,s,Design languages,4,D.3.2,1,,
D.3.2.s5,s,Extensible languages,4,D.3.2,1,,
D.3.2.s6,s,Macro and assembly languages,4,D.3.2,1,,
D.3.2.s7,s,Microprogramming languages,4,D.3.2,1,2,
D.3.2.s8,s,Multiparadigm languages,4,D.3.2,1,,
D.3.2.s9,s,Nondeterministic languages,4,D.3.2,1,2,
D.3.3,,Language Constructs and Features,3,D.3,0,,E.2
D.3.3.s0,s,Abstract data types,4,D.3.3,1,,
D.3.3.s1,s,Classes and objects,4,D.3.3,1,,
D.3.3.s10,s,Input/output,4,D.3.3,1,,
D.3.3.s11,s,Modules, packages,4,D.3.3,1,,
D.3.3.s12,s,Patterns,4,D.3.3,1,,
D.3.3.s13,s,Polymorphism,4,D.3.3,1,,
D.3.3.s14,s,Procedures, functions, and subroutines,4,D.3.3,1,,
D.3.3.s15,s,Recursion,4,D.3.3,1,,
D.3.3.s2,s,Concurrent programming structures,4,D.3.3,1,,
D.3.3.s3,s,Constraints,4,D.3.3,1,,
D.3.3.s4,s,Control structures,4,D.3.3,1,,
D.3.3.s5,s,Coroutines,4,D.3.3,1,,
D.3.3.s6,s,Data types and structures,4,D.3.3,1,,
D.3.3.s7,s,Dynamic storage management,4,D.3.3,1,,
D.3.3.s8,s,Frameworks,4,D.3.3,1,,
D.3.3.s9,s,Inheritance,4,D.3.3,1,,
D.3.4,,Processors,3,D.3,0,,
D.3.4.s0,s,Code generation,4,D.3.4,1,,
D.3.4.s1,s,Compilers,4,D.3.4,1,,
D.3.4.s10,s,Run-time environments,4,D.3.4,1,,
D.3.4.s11,s,Translator writing systems and compiler generators,4,D.3.4,1,,
D.3.4.s2,s,Debuggers,4,D.3.4,1,,
D.3.4.s3,s,Incremental compilers,4,D.3.4,1,,
D.3.4.s4,s,Interpreters,4,D.3.4,1,,
D.3.4.s5,s,Memory management (garbage collection),4,D.3.4,1,,
D.3.4.s6,s,Optimization,4,D.3.4,1,,
D.3.4.s7,s,Parsing,4,D.3.4,1,,
D.3.4.s8,s,Preprocessors,4,D.3.4,1,,
D.3.4.s9,s,Retargetable compilers,4,D.3.4,1,,
D.3.m,,Miscellaneous,3,D.3,1,,
D.4,,OPERATING SYSTEMS,2,D.,0,,C.
D.4.0,,General,3,D.4,1,,
D.4.1,,Process Management,3,D.4,0,,
D.4.1.s0,s,Concurrency,4,D.4.1,1,,
D.4.1.s1,s,Deadlocks,4,D.4.1,1,,
D.4.1.s2,s,Multiprocessing/multiprogramming/multitasking,4,D.4.1,1,,
D.4.1.s3,s,Mutual exclusion,4,D.4.1,1,,
D.4.1.s4,s,Scheduling,4,D.4.1,1,,
D.4.1.s5,s,Synchronization,4,D.4.1,1,,
D.4.1.s6,s,Threads,4,D.4.1,1,,
D.4.2,,Storage Management,3,D.4,0,,
D.4.2.s0,s,Allocation/deallocation strategies,4,D.4.2,1,,
D.4.2.s1,s,Distributed memories,4,D.4.2,1,,
D.4.2.s2,s,Garbage collection,4,D.4.2,1,,
D.4.2.s3,s,Main memory,4,D.4.2,1,,
D.4.2.s4,s,Secondary storage,4,D.4.2,1,,
D.4.2.s5,s,Segmentation,4,D.4.2,1,2,
D.4.2.s6,s,Storage hierarchies,4,D.4.2,1,,
D.4.2.s7,s,Swapping,4,D.4.2,1,2,
D.4.2.s8,s,Virtual memory,4,D.4.2,1,,
D.4.3,,File Systems Management,3,D.4,0,,E.5
D.4.3.s0,s,Access methods,4,D.4.3,1,,
D.4.3.s1,s,Directory structures,4,D.4.3,1,,
D.4.3.s2,s,Distributed file systems,4,D.4.3,1,,
D.4.3.s3,s,File organization,4,D.4.3,1,,
D.4.3.s4,s,Maintenance,4,D.4.3,1,2,
D.4.4,,Communications Management,3,D.4,0,,C.2
D.4.4.s0,s,Buffering,4,D.4.4,1,,
D.4.4.s1,s,Input/output,4,D.4.4,1,,
D.4.4.s2,s,Message sending,4,D.4.4,1,,
D.4.4.s3,s,Network communication,4,D.4.4,1,,
D.4.4.s4,s,Terminal management,4,D.4.4,1,2,
D.4.5,,Reliability,3,D.4,0,,
D.4.5.s0,s,Backup procedures,4,D.4.5,1,,
D.4.5.s1,s,Checkpoint/restart,4,D.4.5,1,,
D.4.5.s2,s,Fault-tolerance,4,D.4.5,1,,
D.4.5.s3,s,Verification,4,D.4.5,1,,
D.4.6,,Security and Protection,3,D.4,0,,K.6.5
D.4.6.s0,s,Access controls,4,D.4.6,1,,
D.4.6.s1,s,Authentication,4,D.4.6,1,,
D.4.6.s2,s,Cryptographic controls,4,D.4.6,1,,
D.4.6.s3,s,Information flow controls,4,D.4.6,1,,
D.4.6.s4,s,Invasive software (e.g., viruses, worms, Trojan horses),4,D.4.6,1,,
D.4.6.s5,s,Security kernels,4,D.4.6,1,2,
D.4.6.s6,s,Verification,4,D.4.6,1,2,
D.4.7,,Organization and Design,3,D.4,0,,
D.4.7.s0,s,Batch processing systems,4,D.4.7,1,2,
D.4.7.s1,s,Distributed systems,4,D.4.7,1,,
D.4.7.s2,s,Hierarchical design,4,D.4.7,1,2,
D.4.7.s3,s,Interactive systems,4,D.4.7,1,,
D.4.7.s4,s,Real-time systems and embedded systems,4,D.4.7,1,,
D.4.8,,Performance,3,D.4,0,,C.4;D.2.8;I.6
D.4.8.s0,s,Measurements,4,D.4.8,1,,
D.4.8.s1,s,Modeling and prediction,4,D.4.8,1,,
D.4.8.s2,s,Monitors,4,D.4.8,1,,
D.4.8.s3,s,Operational analysis,4,D.4.8,1,,
D.4.8.s4,s,Queueing theory,4,D.4.8,1,,
D.4.8.s5,s,Simulation,4,D.4.8,1,,
D.4.8.s6,s,Stochastic analysis,4,D.4.8,1,,
D.4.9,,Systems Programs and Utilities,3,D.4,0,,
D.4.9.s0,s,Command and control languages,4,D.4.9,1,,
D.4.9.s1,s,Linkers,4,D.4.9,1,2,
D.4.9.s2,s,Loaders,4,D.4.9,1,2,
D.4.9.s3,s,Window managers,4,D.4.9,1,,
D.4.m,,Miscellaneous,3,D.4,1,,
D.m,,MISCELLANEOUS,2,D.,0,,
D.m.s0,s,Software psychology,3,D.m,1,2,
E.,,Data,1,acmccs98,0,,
E.0,,GENERAL,2,E.,1,,
E.1,,DATA STRUCTURES,2,E.,0,,
E.1.s0,s,Arrays,3,E.1,1,,
E.1.s1,s,Distributed data structures,3,E.1,1,,
E.1.s2,s,Graphs and networks,3,E.1,1,,
E.1.s3,s,Lists, stacks, and queues,3,E.1,1,,
E.1.s4,s,Records,3,E.1,1,,
E.1.s5,s,Tables,3,E.1,1,2,
E.1.s6,s,Trees,3,E.1,1,,
E.2,,DATA STORAGE REPRESENTATIONS,2,E.,0,,
E.2.s0,s,Composite structures,3,E.2,1,2,
E.2.s1,s,Contiguous representations,3,E.2,1,2,
E.2.s2,s,Hash-table representations,3,E.2,1,,
E.2.s3,s,Linked representations,3,E.2,1,,
E.2.s4,s,Object representation,3,E.2,1,,
E.2.s5,s,Primitive data items,3,E.2,1,2,
E.3,,DATA ENCRYPTION,2,E.,0,,
E.3.s0,s,Code breaking,3,E.3,1,,
E.3.s1,s,Data encryption standard (DES),3,E.3,1,2,
E.3.s2,s,Public key cryptosystems,3,E.3,1,,
E.3.s3,s,Standards (e.g., DES, PGP, RSA),3,E.3,1,,
E.4,,CODING AND INFORMATION THEORY,2,E.,0,,H.1.1
E.4.s0,s,Data compaction and compression,3,E.4,1,,
E.4.s1,s,Error control codes,3,E.4,1,,
E.4.s2,s,Formal models of communication,3,E.4,1,,
E.4.s3,s,Nonsecret encoding schemes,3,E.4,1,2,
E.5,,FILES,2,E.,0,,D.4.3;F.2.2;H.2
E.5.s0,s,Backup/recovery,3,E.5,1,,
E.5.s1,s,Optimization,3,E.5,1,2,
E.5.s2,s,Organization/structure,3,E.5,1,,
E.5.s3,s,Sorting/searching,3,E.5,1,,
E.m,,MISCELLANEOUS,2,E.,1,,
F.,,Theory of Computation,1,acmccs98,0,,
F.0,,GENERAL,2,F.,1,,
F.1,,COMPUTATION BY ABSTRACT DEVICES,2,F.,0,,
F.1.0,,General,3,F.1,1,,
F.1.1,,Models of Computation,3,F.1,0,,F.4.1
F.1.1.s0,s,Automata (e.g., finite, push-down, resource-bounded),4,F.1.1,1,,
F.1.1.s1,s,Bounded-action devices (e.g., Turing machines, random access machines),4,F.1.1,1,,
F.1.1.s2,s,Computability theory,4,F.1.1,1,,
F.1.1.s3,s,Relations between models,4,F.1.1,1,,
F.1.1.s4,s,Self-modifying machines (e.g., neural networks),4,F.1.1,1,,
F.1.1.s5,s,Unbounded-action devices (e.g., cellular automata, circuits, networks of machines),4,F.1.1,1,,
F.1.2,,Modes of Computation,3,F.1,0,,
F.1.2.s0,s,Alternation and nondeterminism,4,F.1.2,1,,
F.1.2.s1,s,Interactive and reactive computation,4,F.1.2,1,,
F.1.2.s2,s,Online computation,4,F.1.2,1,,
F.1.2.s3,s,Parallelism and concurrency,4,F.1.2,1,,
F.1.2.s4,s,Probabilistic computation,4,F.1.2,1,,
F.1.2.s5,s,Relations among modes,4,F.1.2,1,2,
F.1.2.s6,s,Relativized computation,4,F.1.2,1,,
F.1.3,,Complexity Measures and Classes,3,F.1,0,,F.2
F.1.3.s0,s,Complexity hierarchies,4,F.1.3,1,,
F.1.3.s1,s,Machine-independent complexity,4,F.1.3,1,2,
F.1.3.s2,s,Reducibility and completeness,4,F.1.3,1,,
F.1.3.s3,s,Relations among complexity classes,4,F.1.3,1,,
F.1.3.s4,s,Relations among complexity measures,4,F.1.3,1,,
F.1.m,,Miscellaneous,3,F.1,1,,
F.2,,ANALYSIS OF ALGORITHMS AND PROBLEM COMPLEXITY,2,F.,0,,B.6;B.7;F.1.3
F.2.0,,General,3,F.2,1,,
F.2.1,,Numerical Algorithms and Problems,3,F.2,0,,G.1;G.4;I.1
F.2.1.s0,s,Computation of transforms (e.g., fast Fourier transform),4,F.2.1,1,,
F.2.1.s1,s,Computations in finite fields,4,F.2.1,1,,
F.2.1.s2,s,Computations on matrices,4,F.2.1,1,,
F.2.1.s3,s,Computations on polynomials,4,F.2.1,1,,
F.2.1.s4,s,Number-theoretic computations (e.g., factoring, primality testing),4,F.2.1,1,,
F.2.2,,Nonnumerical Algorithms and Problems,3,F.2,0,,E.2;E.3;E.4;E.5;G.2;H.2;H.3
F.2.2.s0,s,Complexity of proof procedures,4,F.2.2,1,,
F.2.2.s1,s,Computations on discrete structures,4,F.2.2,1,,
F.2.2.s2,s,Geometrical problems and computations,4,F.2.2,1,,
F.2.2.s3,s,Pattern matching,4,F.2.2,1,,
F.2.2.s4,s,Routing and layout,4,F.2.2,1,,
F.2.2.s5,s,Sequencing and scheduling,4,F.2.2,1,,
F.2.2.s6,s,Sorting and searching,4,F.2.2,1,,
F.2.3,,Tradeoffs between Complexity Measures,3,F.2,1,,F.1.3
F.2.m,,Miscellaneous,3,F.2,1,,
F.3,,LOGICS AND MEANINGS OF PROGRAMS,2,F.,0,,
F.3.0,,General,3,F.3,1,,
F.3.1,,Specifying and Verifying and Reasoning about Programs,3,F.3,0,,D.2.1;D.2.4;D.3.1;E.1
F.3.1.s0,s,Assertions,4,F.3.1,1,,
F.3.1.s1,s,Invariants,4,F.3.1,1,,
F.3.1.s2,s,Logics of programs,4,F.3.1,1,,
F.3.1.s3,s,Mechanical verification,4,F.3.1,1,,
F.3.1.s4,s,Pre- and post-conditions,4,F.3.1,1,,
F.3.1.s5,s,Specification techniques,4,F.3.1,1,,
F.3.2,,Semantics of Programming Languages,3,F.3,0,,D.3.1
F.3.2.s0,s,Algebraic approaches to semantics,4,F.3.2,1,,
F.3.2.s1,s,Denotational semantics,4,F.3.2,1,,
F.3.2.s2,s,Operational semantics,4,F.3.2,1,,
F.3.2.s3,s,Partial evaluation,4,F.3.2,1,,
F.3.2.s4,s,Process models,4,F.3.2,1,,
F.3.2.s5,s,Program analysis,4,F.3.2,1,,
F.3.3,,Studies of Program Constructs,3,F.3,0,,D.3.2;D.3.3
F.3.3.s0,s,Control primitives,4,F.3.3,1,,
F.3.3.s1,s,Functional constructs,4,F.3.3,1,,
F.3.3.s2,s,Object-oriented constructs,4,F.3.3,1,,
F.3.3.s3,s,Program and recursion schemes,4,F.3.3,1,,
F.3.3.s4,s,Type structure,4,F.3.3,1,,
F.3.m,,Miscellaneous,3,F.3,1,,
F.4,,MATHEMATICAL LOGIC AND FORMAL LANGUAGES,2,F.,0,,
F.4.0,,General,3,F.4,1,,
F.4.1,,Mathematical Logic,3,F.4,0,,F.1.1;I.2.2;I.2.3;I.2.4
F.4.1.s0,s,Computability theory,4,F.4.1,1,,
F.4.1.s1,s,Computational logic,4,F.4.1,1,,
F.4.1.s10,s,Temporal logic,4,F.4.1,1,,
F.4.1.s2,s,Lambda calculus and related systems,4,F.4.1,1,,
F.4.1.s3,s,Logic and constraint programming,4,F.4.1,1,,
F.4.1.s4,s,Mechanical theorem proving,4,F.4.1,1,,
F.4.1.s5,s,Modal logic,4,F.4.1,1,,
F.4.1.s6,s,Model theory,4,F.4.1,1,,
F.4.1.s7,s,Proof theory,4,F.4.1,1,,
F.4.1.s8,s,Recursive function theory,4,F.4.1,1,,
F.4.1.s9,s,Set theory,4,F.4.1,1,,
F.4.2,,Grammars and Other Rewriting Systems,3,F.4,0,,D.3.1
F.4.2.s0,s,Decision problems,4,F.4.2,1,,
F.4.2.s1,s,Grammar types (e.g., context-free, context-sensitive),4,F.4.2,1,,
F.4.2.s2,s,Parallel rewriting systems (e.g., developmental systems, L-systems),4,F.4.2,1,,
F.4.2.s3,s,Parsing,4,F.4.2,1,,
F.4.2.s4,s,Thue systems,4,F.4.2,1,,
F.4.3,,Formal Languages,3,F.4,0,,D.3.1
F.4.3.s0,s,Algebraic language theory,4,F.4.3,1,,
F.4.3.s1,s,Classes defined by grammars or automata (e.g., context-free languages, regular sets, recursive sets),4,F.4.3,1,,
F.4.3.s2,s,Classes defined by resource-bounded automata,4,F.4.3,1,2,
F.4.3.s3,s,Decision problems,4,F.4.3,1,,
F.4.3.s4,s,Operations on languages,4,F.4.3,1,,
F.4.m,,Miscellaneous,3,F.4,1,,
F.m,,MISCELLANEOUS,2,F.,1,,
G.,,Mathematics of Computing,1,acmccs98,0,,
G.0,,GENERAL,2,G.,1,,
G.1,,NUMERICAL ANALYSIS,2,G.,0,,
G.1.0,,General,3,G.1,0,,
G.1.0.s0,s,Computer arithmetic,4,G.1.0,1,,
G.1.0.s1,s,Conditioning (and ill-conditioning),4,G.1.0,1,,
G.1.0.s2,s,Error analysis,4,G.1.0,1,,
G.1.0.s3,s,Interval arithmetic,4,G.1.0,1,,
G.1.0.s4,s,Multiple precision arithmetic,4,G.1.0,1,,
G.1.0.s5,s,Numerical algorithms,4,G.1.0,1,,
G.1.0.s6,s,Parallel algorithms,4,G.1.0,1,,
G.1.0.s7,s,Stability (and instability),4,G.1.0,1,,
G.1.1,,Interpolation,3,G.1,0,,I.3.5;I.3.7
G.1.1.s0,s,Difference formulas,4,G.1.1,1,2,
G.1.1.s1,s,Extrapolation,4,G.1.1,1,,
G.1.1.s2,s,Interpolation formulas,4,G.1.1,1,,
G.1.1.s3,s,Smoothing,4,G.1.1,1,,
G.1.1.s4,s,Spline and piecewise polynomial interpolation,4,G.1.1,1,,
G.1.10,,Applications,3,G.1,1,,
G.1.2,,Approximation,3,G.1,0,,
G.1.2.s0,s,Approximation of surfaces and contours,4,G.1.2,1,,
G.1.2.s1,s,Chebyshev approximation and theory,4,G.1.2,1,,
G.1.2.s10,s,Spline and piecewise polynomial approximation,4,G.1.2,1,,
G.1.2.s11,s,Wavelets and fractals,4,G.1.2,1,,
G.1.2.s2,s,Elementary function approximation,4,G.1.2,1,,
G.1.2.s3,s,Fast Fourier transforms (FFT),4,G.1.2,1,,
G.1.2.s4,s,Least squares approximation,4,G.1.2,1,,
G.1.2.s5,s,Linear approximation,4,G.1.2,1,,
G.1.2.s6,s,Minimax approximation and algorithms,4,G.1.2,1,,
G.1.2.s7,s,Nonlinear approximation,4,G.1.2,1,,
G.1.2.s8,s,Rational approximation,4,G.1.2,1,,
G.1.2.s9,s,Special function approximations,4,G.1.2,1,,
G.1.3,,Numerical Linear Algebra,3,G.1,0,,
G.1.3.s0,s,Conditioning,4,G.1.3,1,,
G.1.3.s1,s,Determinants,4,G.1.3,1,2,
G.1.3.s2,s,Eigenvalues and eigenvectors (direct and iterative methods),4,G.1.3,1,,
G.1.3.s3,s,Error analysis,4,G.1.3,1,,
G.1.3.s4,s,Linear systems (direct and iterative methods),4,G.1.3,1,,
G.1.3.s5,s,Matrix inversion,4,G.1.3,1,,
G.1.3.s6,s,Pseudoinverses,4,G.1.3,1,2,
G.1.3.s7,s,Singular value decomposition,4,G.1.3,1,,
G.1.3.s8,s,Sparse, structured, and very large systems (direct and iterative methods),4,G.1.3,1,,
G.1.4,,Quadrature and Numerical Differentiation,3,G.1,0,,F.2.1
G.1.4.s0,s,Adaptive and iterative quadrature,4,G.1.4,1,,
G.1.4.s1,s,Automatic differentiation,4,G.1.4,1,,
G.1.4.s2,s,Equal interval integration,4,G.1.4,1,2,
G.1.4.s3,s,Error analysis,4,G.1.4,1,,
G.1.4.s4,s,Finite difference methods,4,G.1.4,1,,
G.1.4.s5,s,Gaussian quadrature,4,G.1.4,1,,
G.1.4.s6,s,Iterative methods,4,G.1.4,1,,
G.1.4.s7,s,Multidimensional (multiple) quadrature,4,G.1.4,1,,
G.1.5,,Roots of Nonlinear Equations,3,G.1,0,,
G.1.5.s0,s,Continuation (homotopy) methods,4,G.1.5,1,,
G.1.5.s1,s,Convergence,4,G.1.5,1,,
G.1.5.s2,s,Error analysis,4,G.1.5,1,,
G.1.5.s3,s,Iterative methods,4,G.1.5,1,,
G.1.5.s4,s,Polynomials, methods for,4,G.1.5,1,,
G.1.5.s5,s,Systems of equations,4,G.1.5,1,,
G.1.6,,Optimization,3,G.1,0,,
G.1.6.s0,s,Constrained optimization,4,G.1.6,1,,
G.1.6.s1,s,Convex programming,4,G.1.6,1,,
G.1.6.s10,s,Stochastic programming,4,G.1.6,1,,
G.1.6.s11,s,Unconstrained optimization,4,G.1.6,1,,
G.1.6.s2,s,Global optimization,4,G.1.6,1,,
G.1.6.s3,s,Gradient methods,4,G.1.6,1,,
G.1.6.s4,s,Integer programming,4,G.1.6,1,,
G.1.6.s5,s,Least squares methods,4,G.1.6,1,,
G.1.6.s6,s,Linear programming,4,G.1.6,1,,
G.1.6.s7,s,Nonlinear programming,4,G.1.6,1,,
G.1.6.s8,s,Quadratic programming methods,4,G.1.6,1,,
G.1.6.s9,s,Simulated annealing,4,G.1.6,1,,
G.1.7,,Ordinary Differential Equations,3,G.1,0,,
G.1.7.s0,s,Boundary value problems,4,G.1.7,1,,
G.1.7.s1,s,Chaotic systems,4,G.1.7,1,,
G.1.7.s2,s,Convergence and stability,4,G.1.7,1,,
G.1.7.s3,s,Differential-algebraic equations,4,G.1.7,1,,
G.1.7.s4,s,Error analysis,4,G.1.7,1,,
G.1.7.s5,s,Finite difference methods,4,G.1.7,1,,
G.1.7.s6,s,Initial value problems,4,G.1.7,1,,
G.1.7.s7,s,Multistep and multivalue methods,4,G.1.7,1,,
G.1.7.s8,s,One-step (single step) methods,4,G.1.7,1,,
G.1.7.s9,s,Stiff equations,4,G.1.7,1,,
G.1.8,,Partial Differential Equations,3,G.1,0,,
G.1.8.s0,s,Domain decomposition methods,4,G.1.8,1,,
G.1.8.s1,s,Elliptic equations,4,G.1.8,1,,
G.1.8.s10,s,Parabolic equations,4,G.1.8,1,,
G.1.8.s11,s,Spectral methods,4,G.1.8,1,,
G.1.8.s2,s,Finite difference methods,4,G.1.8,1,,
G.1.8.s3,s,Finite element methods,4,G.1.8,1,,
G.1.8.s4,s,Finite volume methods,4,G.1.8,1,,
G.1.8.s5,s,Hyperbolic equations,4,G.1.8,1,,
G.1.8.s6,s,Inverse problems,4,G.1.8,1,,
G.1.8.s7,s,Iterative solution techniques,4,G.1.8,1,,
G.1.8.s8,s,Method of lines,4,G.1.8,1,,
G.1.8.s9,s,Multigrid and multilevel methods,4,G.1.8,1,,
G.1.9,,Integral Equations,3,G.1,0,,
G.1.9.s0,s,Delay equations,4,G.1.9,1,,
G.1.9.s1,s,Fredholm equations,4,G.1.9,1,,
G.1.9.s2,s,Integro-differential equations,4,G.1.9,1,,
G.1.9.s3,s,Volterra equations,4,G.1.9,1,,
G.1.m,,Miscellaneous,3,G.1,1,,
G.2,,DISCRETE MATHEMATICS,2,G.,0,,
G.2.0,,General,3,G.2,1,,
G.2.1,,Combinatorics,3,G.2,0,,F.2.2
G.2.1.s0,s,Combinatorial algorithms,4,G.2.1,1,,
G.2.1.s1,s,Counting problems,4,G.2.1,1,,
G.2.1.s2,s,Generating functions,4,G.2.1,1,,
G.2.1.s3,s,Permutations and combinations,4,G.2.1,1,,
G.2.1.s4,s,Recurrences and difference equations,4,G.2.1,1,,
G.2.2,,Graph Theory,3,G.2,0,,F.2.2
G.2.2.s0,s,Graph algorithms,4,G.2.2,1,,
G.2.2.s1,s,Graph labeling,4,G.2.2,1,,
G.2.2.s2,s,Hypergraphs,4,G.2.2,1,,
G.2.2.s3,s,Network problems,4,G.2.2,1,,
G.2.2.s4,s,Path and circuit problems,4,G.2.2,1,,
G.2.2.s5,s,Trees,4,G.2.2,1,,
G.2.3,,Applications,3,G.2,1,,
G.2.m,,Miscellaneous,3,G.2,1,,
G.3,,PROBABILITY AND STATISTICS,2,G.,0,,
G.3.s0,s,Contingency table analysis,3,G.3,1,,
G.3.s1,s,Correlation and regression analysis,3,G.3,1,,
G.3.s10,s,Reliability and life testing,3,G.3,1,,
G.3.s11,s,Renewal theory,3,G.3,1,,
G.3.s12,s,Robust regression,3,G.3,1,,
G.3.s13,s,Statistical computing,3,G.3,1,,
G.3.s14,s,Statistical software,3,G.3,1,,
G.3.s15,s,Stochastic processes,3,G.3,1,,
G.3.s16,s,Survival analysis,3,G.3,1,,
G.3.s17,s,Time series analysis,3,G.3,1,,
G.3.s2,s,Distribution functions,3,G.3,1,,
G.3.s3,s,Experimental design,3,G.3,1,,
G.3.s4,s,Markov processes,3,G.3,1,,
G.3.s5,s,Multivariate statistics,3,G.3,1,,
G.3.s6,s,Nonparametric statistics,3,G.3,1,,
G.3.s7,s,Probabilistic algorithms (including Monte Carlo),3,G.3,1,,
G.3.s8,s,Queueing theory,3,G.3,1,,
G.3.s9,s,Random number generation,3,G.3,1,,
G.4,,MATHEMATICAL SOFTWARE,2,G.,0,,
G.4.s0,s,Algorithm design and analysis,3,G.4,1,,
G.4.s1,s,Certification and testing,3,G.4,1,,
G.4.s2,s,Documentation,3,G.4,1,,
G.4.s3,s,Efficiency,3,G.4,1,,
G.4.s4,s,Parallel and vector implementations,3,G.4,1,,
G.4.s5,s,Portability,3,G.4,1,2,
G.4.s6,s,Reliability and robustness,3,G.4,1,,
G.4.s7,s,User interfaces,3,G.4,1,,
G.4.s8,s,Verification,3,G.4,1,2,
G.m,,MISCELLANEOUS,2,G.,0,,
G.m.s0,s,Queueing theory,3,G.m,1,2,
H.,,Information Systems,1,acmccs98,0,,
H.0,,GENERAL,2,H.,1,,
H.1,,MODELS AND PRINCIPLES,2,H.,0,,
H.1.0,,General,3,H.1,1,,
H.1.1,,Systems and Information Theory,3,H.1,0,,E.4
H.1.1.s0,s,General systems theory,4,H.1.1,1,,
H.1.1.s1,s,Information theory,4,H.1.1,1,,
H.1.1.s2,s,Value of information,4,H.1.1,1,,
H.1.2,,User/Machine Systems,3,H.1,0,,
H.1.2.s0,s,Human factors,4,H.1.2,1,,
H.1.2.s1,s,Human information processing,4,H.1.2,1,,
H.1.2.s2,s,Software psychology,4,H.1.2,1,,
H.1.m,,Miscellaneous,3,H.1,1,,
H.2,,DATABASE MANAGEMENT,2,H.,0,,E.5
H.2.0,,General,3,H.2,0,,
H.2.0.s0,s,Security, integrity, and protection,4,H.2.0,1,2,
H.2.1,,Logical Design,3,H.2,0,,
H.2.1.s0,s,Data models,4,H.2.1,1,,
H.2.1.s1,s,Normal forms,4,H.2.1,1,,
H.2.1.s2,s,Schema and subschema,4,H.2.1,1,,
H.2.2,,Physical Design,3,H.2,0,,
H.2.2.s0,s,Access methods,4,H.2.2,1,,
H.2.2.s1,s,Deadlock avoidance,4,H.2.2,1,,
H.2.2.s2,s,Recovery and restart,4,H.2.2,1,,
H.2.3,,Languages,3,H.2,0,,D.3.2
H.2.3.s0,s,Data description languages (DDL),4,H.2.3,1,,
H.2.3.s1,s,Data manipulation languages (DML),4,H.2.3,1,,
H.2.3.s2,s,Database (persistent) programming languages,4,H.2.3,1,,
H.2.3.s3,s,Query languages,4,H.2.3,1,,
H.2.3.s4,s,Report writers,4,H.2.3,1,,
H.2.4,,Systems,3,H.2,0,,
H.2.4.s0,s,Concurrency,4,H.2.4,1,,
H.2.4.s1,s,Distributed databases,4,H.2.4,1,,
H.2.4.s2,s,Multimedia databases,4,H.2.4,1,,
H.2.4.s3,s,Object-oriented databases,4,H.2.4,1,,
H.2.4.s4,s,Parallel databases,4,H.2.4,1,,
H.2.4.s5,s,Query processing,4,H.2.4,1,,
H.2.4.s6,s,Relational databases,4,H.2.4,1,,
H.2.4.s7,s,Rule-based databases,4,H.2.4,1,,
H.2.4.s8,s,Textual databases,4,H.2.4,1,,
H.2.4.s9,s,Transaction processing,4,H.2.4,1,,
H.2.5,,Heterogeneous Databases,3,H.2,0,,
H.2.5.s0,s,Data translation,4,H.2.5,1,2,
H.2.5.s1,s,Program translation,4,H.2.5,1,2,
H.2.6,,Database Machines,3,H.2,1,,
H.2.7,,Database Administration,3,H.2,0,,
H.2.7.s0,s,Data dictionary/directory,4,H.2.7,1,,
H.2.7.s1,s,Data warehouse and repository,4,H.2.7,1,,
H.2.7.s2,s,Logging and recovery,4,H.2.7,1,,
H.2.7.s3,s,Security, integrity, and protection,4,H.2.7,1,,
H.2.8,,Database Applications,3,H.2,0,,
H.2.8.s0,s,Data mining,4,H.2.8,1,,
H.2.8.s1,s,Image databases,4,H.2.8,1,,
H.2.8.s2,s,Scientific databases,4,H.2.8,1,,
H.2.8.s3,s,Spatial databases and GIS,4,H.2.8,1,,
H.2.8.s4,s,Statistical databases,4,H.2.8,1,,
H.2.m,,Miscellaneous,3,H.2,1,,
H.3,,INFORMATION STORAGE AND RETRIEVAL,2,H.,0,,
H.3.0,,General,3,H.3,1,,
H.3.1,,Content Analysis and Indexing,3,H.3,0,,
H.3.1.s0,s,Abstracting methods,4,H.3.1,1,,
H.3.1.s1,s,Dictionaries,4,H.3.1,1,,
H.3.1.s2,s,Indexing methods,4,H.3.1,1,,
H.3.1.s3,s,Linguistic processing,4,H.3.1,1,,
H.3.1.s4,s,Thesauruses,4,H.3.1,1,,
H.3.2,,Information Storage,3,H.3,0,,
H.3.2.s0,s,File organization,4,H.3.2,1,,
H.3.2.s1,s,Record classification,4,H.3.2,1,2,
H.3.3,,Information Search and Retrieval,3,H.3,0,,
H.3.3.s0,s,Clustering,4,H.3.3,1,,
H.3.3.s1,s,Information filtering,4,H.3.3,1,,
H.3.3.s2,s,Query formulation,4,H.3.3,1,,
H.3.3.s3,s,Relevance feedback,4,H.3.3,1,,
H.3.3.s4,s,Retrieval models,4,H.3.3,1,,
H.3.3.s5,s,Search process,4,H.3.3,1,,
H.3.3.s6,s,Selection process,4,H.3.3,1,,
H.3.4,,Systems and Software,3,H.3,0,,
H.3.4.s0,s,Current awareness systems (selective dissemination of information--SDI),4,H.3.4,1,2,
H.3.4.s1,s,Distributed systems,4,H.3.4,1,,
H.3.4.s2,s,Information networks,4,H.3.4,1,,
H.3.4.s3,s,Performance evaluation (efficiency and effectiveness),4,H.3.4,1,,
H.3.4.s4,s,Question-answering (fact retrieval) systems,4,H.3.4,1,2,
H.3.4.s5,s,User profiles and alert services,4,H.3.4,1,,
H.3.5,,Online Information Services,3,H.3,0,,
H.3.5.s0,s,Commercial services,4,H.3.5,1,,
H.3.5.s1,s,Data sharing,4,H.3.5,1,,
H.3.5.s2,s,Web-based services,4,H.3.5,1,,
H.3.6,,Library Automation,3,H.3,0,,
H.3.6.s0,s,Large text archives,4,H.3.6,1,,
H.3.7,,Digital Libraries,3,H.3,0,,
H.3.7.s0,s,Collection,4,H.3.7,1,,
H.3.7.s1,s,Dissemination,4,H.3.7,1,,
H.3.7.s2,s,Standards,4,H.3.7,1,,
H.3.7.s3,s,Systems issues,4,H.3.7,1,,
H.3.7.s4,s,User issues,4,H.3.7,1,,
H.3.m,,Miscellaneous,3,H.3,1,,
H.4,,INFORMATION SYSTEMS APPLICATIONS,2,H.,0,,
H.4.0,,General,3,H.4,1,,
H.4.1,,Office Automation,3,H.4,0,,I.7
H.4.1.s0,s,Desktop publishing,4,H.4.1,1,,
H.4.1.s1,s,Equipment,4,H.4.1,1,2,
H.4.1.s2,s,Groupware,4,H.4.1,1,,
H.4.1.s3,s,Spreadsheets,4,H.4.1,1,,
H.4.1.s4,s,Time management (e.g., calendars, schedules),4,H.4.1,1,,
H.4.1.s5,s,Word processing,4,H.4.1,1,,
H.4.1.s6,s,Workflow management,4,H.4.1,1,,
H.4.2,,Types of Systems,3,H.4,0,,
H.4.2.s0,s,Decision support (e.g., MIS),4,H.4.2,1,,
H.4.2.s1,s,Logistics,4,H.4.2,1,,
H.4.3,,Communications Applications,3,H.4,0,,
H.4.3.s0,s,Bulletin boards,4,H.4.3,1,,
H.4.3.s1,s,Computer conferencing, teleconferencing, and videoconferencing,4,H.4.3,1,,
H.4.3.s2,s,Electronic mail,4,H.4.3,1,,
H.4.3.s3,s,Information browsers,4,H.4.3,1,,
H.4.3.s4,s,Videotex,4,H.4.3,1,,
H.4.m,,Miscellaneous,3,H.4,1,,
H.5,,INFORMATION INTERFACES AND PRESENTATION (e.g., HCI),2,H.,0,,I.7
H.5.0,,General,3,H.5,1,,
H.5.1,,Multimedia Information Systems,3,H.5,0,,
H.5.1.s0,s,Animations,4,H.5.1,1,,
H.5.1.s1,s,Artificial, augmented, and virtual realities,4,H.5.1,1,,
H.5.1.s2,s,Audio input/output,4,H.5.1,1,,
H.5.1.s3,s,Evaluation/methodology,4,H.5.1,1,,
H.5.1.s4,s,Hypertext navigation and maps,4,H.5.1,1,2,
H.5.1.s5,s,Video (e.g., tape, disk, DVI),4,H.5.1,1,,
H.5.2,,User Interfaces,3,H.5,0,,D.2.2;H.1.2;I.3.6
H.5.2.s0,s,Auditory (non-speech) feedback,4,H.5.2,1,,
H.5.2.s1,s,Benchmarking,4,H.5.2,1,,
H.5.2.s10,s,Screen design (e.g., text, graphics, color),4,H.5.2,1,,
H.5.2.s11,s,Standardization,4,H.5.2,1,,
H.5.2.s12,s,Style guides,4,H.5.2,1,,
H.5.2.s13,s,Theory and methods,4,H.5.2,1,,
H.5.2.s14,s,Training, help, and documentation,4,H.5.2,1,,
H.5.2.s15,s,User-centered design,4,H.5.2,1,,
H.5.2.s16,s,User interface management systems (UIMS),4,H.5.2,1,,
H.5.2.s17,s,Voice I/O,4,H.5.2,1,,
H.5.2.s18,s,Windowing systems,4,H.5.2,1,,
H.5.2.s2,s,Ergonomics,4,H.5.2,1,,
H.5.2.s3,s,Evaluation/methodology,4,H.5.2,1,,
H.5.2.s4,s,Graphical user interfaces (GUI),4,H.5.2,1,,
H.5.2.s5,s,Haptic I/O,4,H.5.2,1,,
H.5.2.s6,s,Input devices and strategies (e.g., mouse, touchscreen),4,H.5.2,1,,
H.5.2.s7,s,Interaction styles (e.g., commands, menus, forms, direct manipulation),4,H.5.2,1,,
H.5.2.s8,s,Natural language,4,H.5.2,1,,
H.5.2.s9,s,Prototyping,4,H.5.2,1,,
H.5.3,,Group and Organization Interfaces,3,H.5,0,,
H.5.3.s0,s,Asynchronous interaction,4,H.5.3,1,,
H.5.3.s1,s,Collaborative computing,4,H.5.3,1,,
H.5.3.s2,s,Computer-supported cooperative work,4,H.5.3,1,,
H.5.3.s3,s,Evaluation/methodology,4,H.5.3,1,,
H.5.3.s4,s,Organizational design,4,H.5.3,1,,
H.5.3.s5,s,Synchronous interaction,4,H.5.3,1,,
H.5.3.s6,s,Theory and models,4,H.5.3,1,,
H.5.3.s7,s,Web-based interaction,4,H.5.3,1,,
H.5.4,,Hypertext/Hypermedia,3,H.5,0,,I.7;J.7
H.5.4.s0,s,Architectures,4,H.5.4,1,,
H.5.4.s1,s,Navigation,4,H.5.4,1,,
H.5.4.s2,s,Theory,4,H.5.4,1,,
H.5.4.s3,s,User issues,4,H.5.4,1,,
H.5.5,,Sound and Music Computing,3,H.5,0,,J.5
H.5.5.s0,s,Methodologies and techniques,4,H.5.5,1,,
H.5.5.s1,s,Modeling,4,H.5.5,1,,
H.5.5.s2,s,Signal analysis, synthesis, and processing,4,H.5.5,1,,
H.5.5.s3,s,Systems,4,H.5.5,1,,
H.5.m,,Miscellaneous,3,H.5,1,,
H.m,,MISCELLANEOUS,2,H.,1,,
I.,,Computing Methodologies,1,acmccs98,0,,
I.0,,GENERAL,2,I.,1,,
I.1,,SYMBOLIC AND ALGEBRAIC MANIPULATION,2,I.,0,,
I.1.0,,General,3,I.1,1,,
I.1.1,,Expressions and Their Representation,3,I.1,0,,E.1;E.2
I.1.1.s0,s,Representations (general and polynomial),4,I.1.1,1,,
I.1.1.s1,s,Simplification of expressions,4,I.1.1,1,,
I.1.2,,Algorithms,3,I.1,0,,F.2.1;F.2.2
I.1.2.s0,s,Algebraic algorithms,4,I.1.2,1,,
I.1.2.s1,s,Analysis of algorithms,4,I.1.2,1,,
I.1.2.s2,s,Nonalgebraic algorithms,4,I.1.2,1,,
I.1.3,,Languages and Systems,3,I.1,0,,D.3.2;D.3.3;F.2.2
I.1.3.s0,s,Evaluation strategies,4,I.1.3,1,,
I.1.3.s1,s,Nonprocedural languages,4,I.1.3,1,2,
I.1.3.s2,s,Special-purpose algebraic systems,4,I.1.3,1,,
I.1.3.s3,s,Special-purpose hardware,4,I.1.3,1,2,
I.1.3.s4,s,Substitution mechanisms,4,I.1.3,1,2,
I.1.4,,Applications,3,I.1,1,,
I.1.m,,Miscellaneous,3,I.1,1,,
I.2,,ARTIFICIAL INTELLIGENCE,2,I.,0,,
I.2.0,,General,3,I.2,0,,
I.2.0.s0,s,Cognitive simulation,4,I.2.0,1,,
I.2.0.s1,s,Philosophical foundations,4,I.2.0,1,,
I.2.1,,Applications and Expert Systems,3,I.2,0,,H.4;J.
I.2.1.s0,s,Cartography,4,I.2.1,1,,
I.2.1.s1,s,Games,4,I.2.1,1,,
I.2.1.s2,s,Industrial automation,4,I.2.1,1,,
I.2.1.s3,s,Law,4,I.2.1,1,,
I.2.1.s4,s,Medicine and science,4,I.2.1,1,,
I.2.1.s5,s,Natural language interfaces,4,I.2.1,1,,
I.2.1.s6,s,Office automation,4,I.2.1,1,,
I.2.10,,Vision and Scene Understanding,3,I.2,0,,I.4.8;I.5
I.2.10.s0,s,3D/stereo scene analysis,4,I.2.10,1,,
I.2.10.s1,s,Architecture and control structures,4,I.2.10,1,2,
I.2.10.s2,s,Intensity, color, photometry, and thresholding,4,I.2.10,1,,
I.2.10.s3,s,Modeling and recovery of physical attributes,4,I.2.10,1,,
I.2.10.s4,s,Motion,4,I.2.10,1,,
I.2.10.s5,s,Perceptual reasoning,4,I.2.10,1,,
I.2.10.s6,s,Representations, data structures, and transforms,4,I.2.10,1,,
I.2.10.s7,s,Shape,4,I.2.10,1,,
I.2.10.s8,s,Texture,4,I.2.10,1,,
I.2.10.s9,s,Video analysis,4,I.2.10,1,,
I.2.11,,Distributed Artificial Intelligence,3,I.2,0,,
I.2.11.s0,s,Coherence and coordination,4,I.2.11,1,,
I.2.11.s1,s,Intelligent agents,4,I.2.11,1,,
I.2.11.s2,s,Languages and structures,4,I.2.11,1,,
I.2.11.s3,s,Multiagent systems,4,I.2.11,1,,
I.2.2,,Automatic Programming,3,I.2,0,,D.1.2;F.3.1;F.4.1
I.2.2.s0,s,Automatic analysis of algorithms,4,I.2.2,1,,
I.2.2.s1,s,Program modification,4,I.2.2,1,,
I.2.2.s2,s,Program synthesis,4,I.2.2,1,,
I.2.2.s3,s,Program transformation,4,I.2.2,1,,
I.2.2.s4,s,Program verification,4,I.2.2,1,,
I.2.3,,Deduction and Theorem Proving,3,I.2,0,,F.4.1
I.2.3.s0,s,Answer/reason extraction,4,I.2.3,1,,
I.2.3.s1,s,Deduction (e.g., natural, rule-based),4,I.2.3,1,,
I.2.3.s2,s,Inference engines,4,I.2.3,1,,
I.2.3.s3,s,Logic programming,4,I.2.3,1,,
I.2.3.s4,s,Mathematical induction,4,I.2.3,1,,
I.2.3.s5,s,Metatheory,4,I.2.3,1,2,
I.2.3.s6,s,Nonmonotonic reasoning and belief revision,4,I.2.3,1,,
I.2.3.s7,s,Resolution,4,I.2.3,1,,
I.2.3.s8,s,Uncertainty, ``fuzzy,'' and probabilistic reasoning,4,I.2.3,1,,
I.2.4,,Knowledge Representation Formalisms and Methods,3,I.2,0,,F.4.1
I.2.4.s0,s,Frames and scripts,4,I.2.4,1,,
I.2.4.s1,s,Modal logic,4,I.2.4,1,,
I.2.4.s2,s,Predicate logic,4,I.2.4,1,,
I.2.4.s3,s,Relation systems,4,I.2.4,1,,
I.2.4.s4,s,Representation languages,4,I.2.4,1,,
I.2.4.s5,s,Representations (procedural and rule-based),4,I.2.4,1,,
I.2.4.s6,s,Semantic networks,4,I.2.4,1,,
I.2.4.s7,s,Temporal logic,4,I.2.4,1,,
I.2.5,,Programming Languages and Software,3,I.2,0,,D.3.2
I.2.5.s0,s,Expert system tools and techniques,4,I.2.5,1,,
I.2.6,,Learning,3,I.2,0,,K.3.2
I.2.6.s0,s,Analogies,4,I.2.6,1,,
I.2.6.s1,s,Concept learning,4,I.2.6,1,,
I.2.6.s2,s,Connectionism and neural nets,4,I.2.6,1,,
I.2.6.s3,s,Induction,4,I.2.6,1,,
I.2.6.s4,s,Knowledge acquisition,4,I.2.6,1,,
I.2.6.s5,s,Language acquisition,4,I.2.6,1,,
I.2.6.s6,s,Parameter learning,4,I.2.6,1,,
I.2.7,,Natural Language Processing,3,I.2,0,,
I.2.7.s0,s,Discourse,4,I.2.7,1,,
I.2.7.s1,s,Language generation,4,I.2.7,1,,
I.2.7.s2,s,Language models,4,I.2.7,1,,
I.2.7.s3,s,Language parsing and understanding,4,I.2.7,1,,
I.2.7.s4,s,Machine translation,4,I.2.7,1,,
I.2.7.s5,s,Speech recognition and synthesis,4,I.2.7,1,,
I.2.7.s6,s,Text analysis,4,I.2.7,1,,
I.2.8,,Problem Solving, Control Methods, and Search,3,I.2,0,,F.2.2
I.2.8.s0,s,Backtracking,4,I.2.8,1,,
I.2.8.s1,s,Control theory,4,I.2.8,1,,
I.2.8.s2,s,Dynamic programming,4,I.2.8,1,,
I.2.8.s3,s,Graph and tree search strategies,4,I.2.8,1,,
I.2.8.s4,s,Heuristic methods,4,I.2.8,1,,
I.2.8.s5,s,Plan execution, formation, and generation,4,I.2.8,1,,
I.2.8.s6,s,Scheduling,4,I.2.8,1,,
I.2.9,,Robotics,3,I.2,0,,
I.2.9.s0,s,Autonomous vehicles,4,I.2.9,1,,
I.2.9.s1,s,Commercial robots and applications,4,I.2.9,1,,
I.2.9.s2,s,Kinematics and dynamics,4,I.2.9,1,,
I.2.9.s3,s,Manipulators,4,I.2.9,1,,
I.2.9.s4,s,Operator interfaces,4,I.2.9,1,,
I.2.9.s5,s,Propelling mechanisms,4,I.2.9,1,,
I.2.9.s6,s,Sensors,4,I.2.9,1,,
I.2.9.s7,s,Workcell organization and planning,4,I.2.9,1,,
I.2.m,,Miscellaneous,3,I.2,1,,
I.3,,COMPUTER GRAPHICS,2,I.,0,,
I.3.0,,General,3,I.3,1,,
I.3.1,,Hardware Architecture,3,I.3,0,,B.4.2
I.3.1.s0,s,Graphics processors,4,I.3.1,1,,
I.3.1.s1,s,Hardcopy devices,4,I.3.1,1,2,
I.3.1.s2,s,Input devices,4,I.3.1,1,,
I.3.1.s3,s,Parallel processing,4,I.3.1,1,,
I.3.1.s4,s,Raster display devices,4,I.3.1,1,,
I.3.1.s5,s,Storage devices,4,I.3.1,1,2,
I.3.1.s6,s,Three-dimensional displays,4,I.3.1,1,2,
I.3.1.s7,s,Vector display devices,4,I.3.1,1,2,
I.3.2,,Graphics Systems,3,I.3,0,,C.2.1;C.2.4;C.3
I.3.2.s0,s,Distributed/network graphics,4,I.3.2,1,,
I.3.2.s1,s,Remote systems,4,I.3.2,1,2,
I.3.2.s2,s,Stand-alone systems,4,I.3.2,1,2,
I.3.3,,Picture/Image Generation,3,I.3,0,,
I.3.3.s0,s,Antialiasing,4,I.3.3,1,2,
I.3.3.s1,s,Bitmap and framebuffer operations,4,I.3.3,1,,
I.3.3.s2,s,Digitizing and scanning,4,I.3.3,1,,
I.3.3.s3,s,Display algorithms,4,I.3.3,1,,
I.3.3.s4,s,Line and curve generation,4,I.3.3,1,,
I.3.3.s5,s,Viewing algorithms,4,I.3.3,1,,
I.3.4,,Graphics Utilities,3,I.3,0,,
I.3.4.s0,s,Application packages,4,I.3.4,1,,
I.3.4.s1,s,Device drivers,4,I.3.4,1,2,
I.3.4.s2,s,Graphics editors,4,I.3.4,1,,
I.3.4.s3,s,Graphics packages,4,I.3.4,1,,
I.3.4.s4,s,Meta files,4,I.3.4,1,2,
I.3.4.s5,s,Paint systems,4,I.3.4,1,,
I.3.4.s6,s,Picture description languages,4,I.3.4,1,2,
I.3.4.s7,s,Software support,4,I.3.4,1,,
I.3.4.s8,s,Virtual device interfaces,4,I.3.4,1,,
I.3.5,,Computational Geometry and Object Modeling,3,I.3,0,,
I.3.5.s0,s,Boundary representations,4,I.3.5,1,,
I.3.5.s1,s,Constructive solid geometry (CSG),4,I.3.5,1,2,
I.3.5.s2,s,Curve, surface, solid, and object representations,4,I.3.5,1,,
I.3.5.s3,s,Geometric algorithms, languages, and systems,4,I.3.5,1,,
I.3.5.s4,s,Hierarchy and geometric transformations,4,I.3.5,1,,
I.3.5.s5,s,Modeling packages,4,I.3.5,1,,
I.3.5.s6,s,Object hierarchies,4,I.3.5,1,,
I.3.5.s7,s,Physically based modeling,4,I.3.5,1,,
I.3.5.s8,s,Splines,4,I.3.5,1,,
I.3.6,,Methodology and Techniques,3,I.3,0,,
I.3.6.s0,s,Device independence,4,I.3.6,1,2,
I.3.6.s1,s,Ergonomics,4,I.3.6,1,,
I.3.6.s2,s,Graphics data structures and data types,4,I.3.6,1,,
I.3.6.s3,s,Interaction techniques,4,I.3.6,1,,
I.3.6.s4,s,Languages,4,I.3.6,1,,
I.3.6.s5,s,Standards,4,I.3.6,1,,
I.3.7,,Three-Dimensional Graphics and Realism,3,I.3,0,,
I.3.7.s0,s,Animation,4,I.3.7,1,,
I.3.7.s1,s,Color, shading, shadowing, and texture,4,I.3.7,1,,
I.3.7.s2,s,Fractals,4,I.3.7,1,,
I.3.7.s3,s,Hidden line/surface removal,4,I.3.7,1,,
I.3.7.s4,s,Radiosity,4,I.3.7,1,,
I.3.7.s5,s,Raytracing,4,I.3.7,1,,
I.3.7.s6,s,Virtual reality,4,I.3.7,1,,
I.3.7.s7,s,Visible line/surface algorithms,4,I.3.7,1,,
I.3.8,,Applications,3,I.3,1,,
I.3.m,,Miscellaneous,3,I.3,1,,
I.4,,IMAGE PROCESSING AND COMPUTER VISION,2,I.,0,,
I.4.0,,General,3,I.4,0,,
I.4.0.s0,s,Image displays,4,I.4.0,1,,
I.4.0.s1,s,Image processing software,4,I.4.0,1,,
I.4.1,,Digitization and Image Capture,3,I.4,0,,
I.4.1.s0,s,Camera calibration,4,I.4.1,1,,
I.4.1.s1,s,Imaging geometry,4,I.4.1,1,,
I.4.1.s2,s,Quantization,4,I.4.1,1,,
I.4.1.s3,s,Radiometry,4,I.4.1,1,,
I.4.1.s4,s,Reflectance,4,I.4.1,1,,
I.4.1.s5,s,Sampling,4,I.4.1,1,,
I.4.1.s6,s,Scanning,4,I.4.1,1,,
I.4.10,,Image Representation,3,I.4,0,,
I.4.10.s0,s,Hierarchical,4,I.4.10,1,,
I.4.10.s1,s,Morphological,4,I.4.10,1,,
I.4.10.s2,s,Multidimensional,4,I.4.10,1,,
I.4.10.s3,s,Statistical,4,I.4.10,1,,
I.4.10.s4,s,Volumetric,4,I.4.10,1,,
I.4.2,,Compression (Coding),3,I.4,0,,E.4
I.4.2.s0,s,Approximate methods,4,I.4.2,1,,
I.4.2.s1,s,Exact coding,4,I.4.2,1,2,
I.4.3,,Enhancement,3,I.4,0,,
I.4.3.s0,s,Filtering,4,I.4.3,1,,
I.4.3.s1,s,Geometric correction,4,I.4.3,1,,
I.4.3.s2,s,Grayscale manipulation,4,I.4.3,1,,
I.4.3.s3,s,Registration,4,I.4.3,1,,
I.4.3.s4,s,Sharpening and deblurring,4,I.4.3,1,2,
I.4.3.s5,s,Smoothing,4,I.4.3,1,,
I.4.4,,Restoration,3,I.4,0,,
I.4.4.s0,s,Inverse filtering,4,I.4.4,1,2,
I.4.4.s1,s,Kalman filtering,4,I.4.4,1,,
I.4.4.s2,s,Pseudoinverse restoration,4,I.4.4,1,2,
I.4.4.s3,s,Wiener filtering,4,I.4.4,1,2,
I.4.5,,Reconstruction,3,I.4,0,,
I.4.5.s0,s,Series expansion methods,4,I.4.5,1,,
I.4.5.s1,s,Summation methods,4,I.4.5,1,2,
I.4.5.s2,s,Transform methods,4,I.4.5,1,,
I.4.6,,Segmentation,3,I.4,0,,
I.4.6.s0,s,Edge and feature detection,4,I.4.6,1,,
I.4.6.s1,s,Pixel classification,4,I.4.6,1,,
I.4.6.s2,s,Region growing, partitioning,4,I.4.6,1,,
I.4.6.s3,s,Relaxation,4,I.4.6,1,,
I.4.7,,Feature Measurement,3,I.4,0,,
I.4.7.s0,s,Feature representation,4,I.4.7,1,,
I.4.7.s1,s,Invariants,4,I.4.7,1,,
I.4.7.s2,s,Moments,4,I.4.7,1,,
I.4.7.s3,s,Projections,4,I.4.7,1,,
I.4.7.s4,s,Size and shape,4,I.4.7,1,,
I.4.7.s5,s,Texture,4,I.4.7,1,,
I.4.8,,Scene Analysis,3,I.4,0,,
I.4.8.s0,s,Color,4,I.4.8,1,,
I.4.8.s1,s,Depth cues,4,I.4.8,1,,
I.4.8.s10,s,Surface fitting,4,I.4.8,1,,
I.4.8.s11,s,Time-varying imagery,4,I.4.8,1,,
I.4.8.s12,s,Tracking,4,I.4.8,1,,
I.4.8.s2,s,Motion,4,I.4.8,1,,
I.4.8.s3,s,Object recognition,4,I.4.8,1,,
I.4.8.s4,s,Photometry,4,I.4.8,1,,
I.4.8.s5,s,Range data,4,I.4.8,1,,
I.4.8.s6,s,Sensor fusion,4,I.4.8,1,,
I.4.8.s7,s,Shading,4,I.4.8,1,,
I.4.8.s8,s,Shape,4,I.4.8,1,,
I.4.8.s9,s,Stereo,4,I.4.8,1,,
I.4.9,,Applications,3,I.4,1,,
I.4.m,,Miscellaneous,3,I.4,1,,
I.5,,PATTERN RECOGNITION,2,I.,0,,
I.5.0,,General,3,I.5,1,,
I.5.1,,Models,3,I.5,0,,
I.5.1.s0,s,Deterministic,4,I.5.1,1,2,
I.5.1.s1,s,Fuzzy set,4,I.5.1,1,,
I.5.1.s2,s,Geometric,4,I.5.1,1,,
I.5.1.s3,s,Neural nets,4,I.5.1,1,,
I.5.1.s4,s,Statistical,4,I.5.1,1,,
I.5.1.s5,s,Structural,4,I.5.1,1,,
I.5.2,,Design Methodology,3,I.5,0,,
I.5.2.s0,s,Classifier design and evaluation,4,I.5.2,1,,
I.5.2.s1,s,Feature evaluation and selection,4,I.5.2,1,,
I.5.2.s2,s,Pattern analysis,4,I.5.2,1,,
I.5.3,,Clustering,3,I.5,0,,
I.5.3.s0,s,Algorithms,4,I.5.3,1,,
I.5.3.s1,s,Similarity measures,4,I.5.3,1,,
I.5.4,,Applications,3,I.5,0,,
I.5.4.s0,s,Computer vision,4,I.5.4,1,,
I.5.4.s1,s,Signal processing,4,I.5.4,1,,
I.5.4.s2,s,Text processing,4,I.5.4,1,,
I.5.4.s3,s,Waveform analysis,4,I.5.4,1,,
I.5.5,,Implementation,3,I.5,0,,C.3
I.5.5.s0,s,Interactive systems,4,I.5.5,1,,
I.5.5.s1,s,Special architectures,4,I.5.5,1,,
I.5.m,,Miscellaneous,3,I.5,1,,
I.6,,SIMULATION AND MODELING,2,I.,0,,G.3
I.6.0,,General,3,I.6,1,,
I.6.1,,Simulation Theory,3,I.6,0,,
I.6.1.s0,s,Model classification,4,I.6.1,1,,
I.6.1.s1,s,Systems theory,4,I.6.1,1,,
I.6.1.s2,s,Types of simulation (continuous and discrete),4,I.6.1,1,1,
I.6.2,,Simulation Languages,3,I.6,1,,
I.6.3,,Applications,3,I.6,1,,
I.6.4,,Model Validation and Analysis,3,I.6,1,,
I.6.5,,Model Development,3,I.6,0,,
I.6.5.s0,s,Modeling methodologies,4,I.6.5,1,,
I.6.6,,Simulation Output Analysis,3,I.6,1,,
I.6.7,,Simulation Support Systems,3,I.6,0,,
I.6.7.s0,s,Environments,4,I.6.7,1,,
I.6.8,,Types of Simulation,3,I.6,0,,
I.6.8.s0,s,Animation,4,I.6.8,1,,
I.6.8.s1,s,Combined,4,I.6.8,1,,
I.6.8.s2,s,Continuous,4,I.6.8,1,,
I.6.8.s3,s,Discrete event,4,I.6.8,1,,
I.6.8.s4,s,Distributed,4,I.6.8,1,,
I.6.8.s5,s,Gaming,4,I.6.8,1,,
I.6.8.s6,s,Monte Carlo,4,I.6.8,1,,
I.6.8.s7,s,Parallel,4,I.6.8,1,,
I.6.8.s8,s,Visual,4,I.6.8,1,,
I.6.m,,Miscellaneous,3,I.6,1,,
I.7,,DOCUMENT AND TEXT PROCESSING,2,I.,0,,H.4;H.5
I.7.0,,General,3,I.7,1,,
I.7.1,,Document and Text Editing,3,I.7,0,,
I.7.1.s0,s,Document management,4,I.7.1,1,,
I.7.1.s1,s,Languages,4,I.7.1,1,2,
I.7.1.s2,s,Spelling,4,I.7.1,1,2,
I.7.1.s3,s,Version control,4,I.7.1,1,,
I.7.2,,Document Preparation,3,I.7,0,,
I.7.2.s0,s,Desktop publishing,4,I.7.2,1,,
I.7.2.s1,s,Format and notation,4,I.7.2,1,,
I.7.2.s2,s,Hypertext/hypermedia,4,I.7.2,1,,
I.7.2.s3,s,Index generation,4,I.7.2,1,,
I.7.2.s4,s,Languages and systems,4,I.7.2,1,,
I.7.2.s5,s,Markup languages,4,I.7.2,1,,
I.7.2.s6,s,Multi/mixed media,4,I.7.2,1,,
I.7.2.s7,s,Photocomposition/typesetting,4,I.7.2,1,,
I.7.2.s8,s,Scripting languages,4,I.7.2,1,,
I.7.2.s9,s,Standards,4,I.7.2,1,,
I.7.3,,Index Generation,3,I.7,1,2,
I.7.4,,Electronic Publishing,3,I.7,1,,H.5.4;J.7
I.7.5,,Document Capture,3,I.7,0,,I.4.1
I.7.5.s0,s,Document analysis,4,I.7.5,1,,
I.7.5.s1,s,Graphics recognition and interpretation,4,I.7.5,1,,
I.7.5.s2,s,Optical character recognition (OCR),4,I.7.5,1,,
I.7.5.s3,s,Scanning,4,I.7.5,1,,
I.7.m,,Miscellaneous,3,I.7,1,,
I.m,,MISCELLANEOUS,2,I.,1,,
J.,,Computer Applications,1,acmccs98,0,,
J.0,,GENERAL,2,J.,1,,
J.1,,ADMINISTRATIVE DATA PROCESSING,2,J.,0,,
J.1.s0,s,Business,3,J.1,1,,
J.1.s1,s,Education,3,J.1,1,,
J.1.s2,s,Financial (e.g., EFTS),3,J.1,1,,
J.1.s3,s,Government,3,J.1,1,,
J.1.s4,s,Law,3,J.1,1,,
J.1.s5,s,Manufacturing,3,J.1,1,,
J.1.s6,s,Marketing,3,J.1,1,,
J.1.s7,s,Military,3,J.1,1,,
J.2,,PHYSICAL SCIENCES AND ENGINEERING,2,J.,0,,
J.2.s0,s,Aerospace,3,J.2,1,,
J.2.s1,s,Archaeology,3,J.2,1,,
J.2.s2,s,Astronomy,3,J.2,1,,
J.2.s3,s,Chemistry,3,J.2,1,,
J.2.s4,s,Earth and atmospheric sciences,3,J.2,1,,
J.2.s5,s,Electronics,3,J.2,1,,
J.2.s6,s,Engineering,3,J.2,1,,
J.2.s7,s,Mathematics and statistics,3,J.2,1,,
J.2.s8,s,Physics,3,J.2,1,,
J.3,,LIFE AND MEDICAL SCIENCES,2,J.,0,,
J.3.s0,s,Biology and genetics,3,J.3,1,,
J.3.s1,s,Health,3,J.3,1,,
J.3.s2,s,Medical information systems,3,J.3,1,,
J.4,,SOCIAL AND BEHAVIORAL SCIENCES,2,J.,0,,
J.4.s0,s,Economics,3,J.4,1,,
J.4.s1,s,Psychology,3,J.4,1,,
J.4.s2,s,Sociology,3,J.4,1,,
J.5,,ARTS AND HUMANITIES,2,J.,0,,
J.5.s0,s,Architecture,3,J.5,1,,
J.5.s1,s,Arts, fine and performing,3,J.5,1,2,
J.5.s2,s,Fine arts,3,J.5,1,,
J.5.s3,s,Language translation,3,J.5,1,,
J.5.s4,s,Linguistics,3,J.5,1,,
J.5.s5,s,Literature,3,J.5,1,,
J.5.s6,s,Music,3,J.5,1,2,
J.5.s7,s,Performing arts (e.g., dance, music),3,J.5,1,,
J.6,,COMPUTER-AIDED ENGINEERING,2,J.,0,,
J.6.s0,s,Computer-aided design (CAD),3,J.6,1,,
J.6.s1,s,Computer-aided manufacturing (CAM),3,J.6,1,,
J.7,,COMPUTERS IN OTHER SYSTEMS,2,J.,0,,C.3
J.7.s0,s,Command and control,3,J.7,1,,
J.7.s1,s,Consumer products,3,J.7,1,,
J.7.s2,s,Industrial control,3,J.7,1,,
J.7.s3,s,Military,3,J.7,1,,
J.7.s4,s,Process control,3,J.7,1,,
J.7.s5,s,Publishing,3,J.7,1,,
J.7.s6,s,Real time,3,J.7,1,,
J.m,,MISCELLANEOUS,2,J.,1,,
K.,,Computing Milieux,1,acmccs98,0,,
K.0,,GENERAL,2,K.,1,,
K.1,,THE COMPUTER INDUSTRY,2,K.,0,,
K.1.s0,s,Markets,3,K.1,1,,
K.1.s1,s,Standards,3,K.1,1,,
K.1.s2,s,Statistics,3,K.1,1,,
K.1.s3,s,Suppliers,3,K.1,1,,
K.2,,HISTORY OF COMPUTING,2,K.,0,,
K.2.s0,s,Hardware,3,K.2,1,,
K.2.s1,s,People,3,K.2,1,,
K.2.s2,s,Software,3,K.2,1,,
K.2.s3,s,Systems,3,K.2,1,,
K.2.s4,s,Theory,3,K.2,1,,
K.3,,COMPUTERS AND EDUCATION,2,K.,0,,
K.3.0,,General,3,K.3,1,,
K.3.1,,Computer Uses in Education,3,K.3,0,,
K.3.1.s0,s,Collaborative learning,4,K.3.1,1,,
K.3.1.s1,s,Computer-assisted instruction (CAI),4,K.3.1,1,,
K.3.1.s2,s,Computer-managed instruction (CMI),4,K.3.1,1,,
K.3.1.s3,s,Distance learning,4,K.3.1,1,,
K.3.2,,Computer and Information Science Education,3,K.3,0,,
K.3.2.s0,s,Accreditation,4,K.3.2,1,,
K.3.2.s1,s,Computer science education,4,K.3.2,1,,
K.3.2.s2,s,Curriculum,4,K.3.2,1,,
K.3.2.s3,s,Information systems education,4,K.3.2,1,,
K.3.2.s4,s,Literacy,4,K.3.2,1,,
K.3.2.s5,s,Self-assessment,4,K.3.2,1,,
K.3.m,,Miscellaneous,3,K.3,0,,
K.3.m.s0,s,Accreditation,4,K.3.m,1,2,
K.3.m.s1,s,Computer literacy,4,K.3.m,1,2,
K.4,,COMPUTERS AND SOCIETY,2,K.,0,,
K.4.0,,General,3,K.4,1,,
K.4.1,,Public Policy Issues,3,K.4,0,,
K.4.1.s0,s,Abuse and crime involving computers,4,K.4.1,1,,
K.4.1.s1,s,Computer-related health issues,4,K.4.1,1,,
K.4.1.s2,s,Ethics,4,K.4.1,1,,
K.4.1.s3,s,Human safety,4,K.4.1,1,,
K.4.1.s4,s,Intellectual property rights,4,K.4.1,1,,
K.4.1.s5,s,Privacy,4,K.4.1,1,,
K.4.1.s6,s,Regulation,4,K.4.1,1,,
K.4.1.s7,s,Transborder data flow,4,K.4.1,1,,
K.4.1.s8,s,Use/abuse of power,4,K.4.1,1,,
K.4.2,,Social Issues,3,K.4,0,,
K.4.2.s0,s,Abuse and crime involving computers,4,K.4.2,1,2,
K.4.2.s1,s,Assistive technologies for persons with disabilities,4,K.4.2,1,,
K.4.2.s2,s,Employment,4,K.4.2,1,,
K.4.2.s3,s,Handicapped persons/special needs,4,K.4.2,1,2,
K.4.3,,Organizational Impacts,3,K.4,0,,
K.4.3.s0,s,Automation,4,K.4.3,1,,
K.4.3.s1,s,Computer-supported collaborative work,4,K.4.3,1,,
K.4.3.s2,s,Employment,4,K.4.3,1,,
K.4.3.s3,s,Reengineering,4,K.4.3,1,,
K.4.4,,Electronic Commerce,3,K.4,0,,J.1
K.4.4.s0,s,Cybercash, digital cash,4,K.4.4,1,,
K.4.4.s1,s,Distributed commercial transactions,4,K.4.4,1,,
K.4.4.s2,s,Electronic data interchange (EDI),4,K.4.4,1,,
K.4.4.s3,s,Intellectual property,4,K.4.4,1,,
K.4.4.s4,s,Payment schemes,4,K.4.4,1,,
K.4.4.s5,s,Security,4,K.4.4,1,,
K.4.m,,Miscellaneous,3,K.4,1,,
K.5,,LEGAL ASPECTS OF COMPUTING,2,K.,0,,
K.5.0,,General,3,K.5,1,,
K.5.1,,Hardware/Software Protection,3,K.5,0,,
K.5.1.s0,s,Copyrights,4,K.5.1,1,,
K.5.1.s1,s,Licensing,4,K.5.1,1,,
K.5.1.s2,s,Patents,4,K.5.1,1,,
K.5.1.s3,s,Proprietary rights,4,K.5.1,1,,
K.5.1.s4,s,Trade secrets,4,K.5.1,1,2,
K.5.2,,Governmental Issues,3,K.5,0,,
K.5.2.s0,s,Censorship,4,K.5.2,1,,
K.5.2.s1,s,Regulation,4,K.5.2,1,,
K.5.2.s2,s,Taxation,4,K.5.2,1,,
K.5.m,,Miscellaneous,3,K.5,0,,
K.5.m.s0,s,Contracts,4,K.5.m,1,2,
K.5.m.s1,s,Hardware patents,4,K.5.m,1,2,
K.6,,MANAGEMENT OF COMPUTING AND INFORMATION SYSTEMS,2,K.,0,,
K.6.0,,General,3,K.6,0,,
K.6.0.s0,s,Economics,4,K.6.0,1,,
K.6.1,,Project and People Management,3,K.6,0,,
K.6.1.s0,s,Life cycle,4,K.6.1,1,,
K.6.1.s1,s,Management techniques (e.g., PERT/CPM),4,K.6.1,1,,
K.6.1.s2,s,Staffing,4,K.6.1,1,,
K.6.1.s3,s,Strategic information systems planning,4,K.6.1,1,,
K.6.1.s4,s,Systems analysis and design,4,K.6.1,1,,
K.6.1.s5,s,Systems development,4,K.6.1,1,,
K.6.1.s6,s,Training,4,K.6.1,1,,
K.6.2,,Installation Management,3,K.6,0,,
K.6.2.s0,s,Benchmarks,4,K.6.2,1,,
K.6.2.s1,s,Computer selection,4,K.6.2,1,,
K.6.2.s2,s,Computing equipment management,4,K.6.2,1,,
K.6.2.s3,s,Performance and usage measurement,4,K.6.2,1,,
K.6.2.s4,s,Pricing and resource allocation,4,K.6.2,1,,
K.6.3,,Software Management,3,K.6,0,,D.2.9
K.6.3.s0,s,Software development,4,K.6.3,1,,
K.6.3.s1,s,Software maintenance,4,K.6.3,1,,
K.6.3.s2,s,Software process,4,K.6.3,1,,
K.6.3.s3,s,Software selection,4,K.6.3,1,,
K.6.4,,System Management,3,K.6,0,,
K.6.4.s0,s,Centralization/decentralization,4,K.6.4,1,,
K.6.4.s1,s,Management audit,4,K.6.4,1,,
K.6.4.s2,s,Quality assurance,4,K.6.4,1,,
K.6.5,,Security and Protection,3,K.6,0,,D.4.6;K.4.2
K.6.5.s0,s,Authentication,4,K.6.5,1,,
K.6.5.s1,s,Insurance,4,K.6.5,1,1,
K.6.5.s2,s,Invasive software (e.g., viruses, worms, Trojan horses),4,K.6.5,1,,
K.6.5.s3,s,Physical security,4,K.6.5,1,2,
K.6.5.s4,s,Unauthorized access (e.g., hacking, phreaking),4,K.6.5,1,,
K.6.m,,Miscellaneous,3,K.6,0,,
K.6.m.s0,s,Insurance,4,K.6.m,1,1,
K.6.m.s1,s,Security,4,K.6.m,1,1,
K.7,,THE COMPUTING PROFESSION,2,K.,0,,
K.7.0,,General,3,K.7,1,,
K.7.1,,Occupations,3,K.7,1,,
K.7.2,,Organizations,3,K.7,1,,
K.7.3,,Testing, Certification, and Licensing,3,K.7,1,,
K.7.4,,Professional Ethics,3,K.7,0,,K.4
K.7.4.s0,s,Codes of ethics,4,K.7.4,1,,
K.7.4.s1,s,Codes of good practice,4,K.7.4,1,,
K.7.4.s2,s,Ethical dilemmas,4,K.7.4,1,,
K.7.m,,Miscellaneous,3,K.7,0,,
K.7.m.s0,s,Codes of good practice,4,K.7.m,1,2,
K.7.m.s1,s,Ethics,4,K.7.m,1,2,
K.8,,PERSONAL COMPUTING,2,K.,0,,
K.8.0,,General,3,K.8,0,,
K.8.0.s1,s,Games,4,K.8.0,1,,
K.8.1,,Application Packages,3,K.8,0,,
K.8.1.s0,s,Data communications,4,K.8.1,1,,
K.8.1.s1,s,Database processing,4,K.8.1,1,,
K.8.1.s2,s,Freeware/shareware,4,K.8.1,1,,
K.8.1.s3,s,Graphics,4,K.8.1,1,,
K.8.1.s4,s,Spreadsheets,4,K.8.1,1,,
K.8.1.s5,s,Word processing,4,K.8.1,1,,
K.8.2,,Hardware,3,K.8,1,,
K.8.3,,Management/Maintenance,3,K.8,1,,
K.8.m,,Miscellaneous,3,K.8,1,,
K.8.s0,s,Games,3,K.8,1,1,
K.m,,MISCELLANEOUS,2,K.,1,,
